game_id	section_id	player_id	player_name	player_url	starter	position	Goals	Assists	Points	Shots	SOG	Man-Up G	Man-Down G	GB	TO	CT	FO Won	FOs Taken	Pen	Pen Time	G Min	Goals Allowed	Saves	W	L	T	RC	YC	"Clears	Att"	Clear Pct
4004129	0	1642887	Bryant, Zachary	http://stats.ncaa.org/player?game_sport_year_ctl_id=12380&stats_player_seq=1642887	true	D	0	0	0	0	0	0	0	5	0	1	0	0	0	0	0	0	0	0	0	0	0	0	0	0	0
4004129	0	1765660	Bukovac, Matt	http://stats.ncaa.org/player?game_sport_year_ctl_id=12380&stats_player_seq=1765660	true	GK	0	0	0	0	0	0	0	1	0	0	0	0	0	0	2	17	9	0	1	0	0	0	0	0	0
4004129	0	1642874	Christianson, Zac	http://stats.ncaa.org/player?game_sport_year_ctl_id=12380&stats_player_seq=1642874	true	D	0	1	1	0	0	0	0	1	0	0	0	0	0	0	0	0	0	0	0	0	0	0	0	0	0
4004129	0	1765664	Ewing, Will	http://stats.ncaa.org/player?game_sport_year_ctl_id=12380&stats_player_seq=1765664	true	D	0	0	0	0	0	0	0	2	0	1	0	0	0	0	0	0	0	0	0	0	0	0	0	0	0
4004129	0	1548979	Kealey, Jonpatrik	http://stats.ncaa.org/player?game_sport_year_ctl_id=12380&stats_player_seq=1548979	true	A	1	1	2	3	1	1	0	1	1	0	0	0	1	60	0	0	0	0	0	0	0	0	0	0	0
4004129	0	1417150	Laszkiewicz, Luke	http://stats.ncaa.org/player?game_sport_year_ctl_id=12380&stats_player_seq=1417150	true	A	2	0	2	4	3	1	0	1	1	0	0	0	0	0	0	0	0	0	0	0	0	0	0	0	0
4004129	0	1417151	Rahe, James	http://stats.ncaa.org/player?game_sport_year_ctl_id=12380&stats_player_seq=1417151	true	M	0	0	0	4	1	0	0	3	1	0	0	0	0	0	0	0	0	0	0	0	0	0	0	0	0
4004129	0	1417152	Rankel, Eric	http://stats.ncaa.org/player?game_sport_year_ctl_id=12380&stats_player_seq=1417152	true	M	1	1	2	5	3	0	0	5	2	0	0	0	0	0	0	0	0	0	0	0	0	0	0	0	0
4004129	0	1642906	Wales, Eric	http://stats.ncaa.org/player?game_sport_year_ctl_id=12380&stats_player_seq=1642906	true	A	0	0	0	2	0	0	0	0	0	0	0	0	0	0	0	0	0	0	0	0	0	0	0	0	0
4004129	0	1642870	Yepsen, Carter	http://stats.ncaa.org/player?game_sport_year_ctl_id=12380&stats_player_seq=1642870	true	M	0	1	1	4	4	0	0	4	0	0	0	0	0	0	0	0	0	0	0	0	0	0	0	0	0
4004129	0	1303000	Barney, Chris	http://stats.ncaa.org/player?game_sport_year_ctl_id=12380&stats_player_seq=1303000	true	""	0	0	0	0	0	0	0	4	0	0	10	24	0	0	0	0	0	0	0	0	0	0	0	0	0
4004129	0	1548977	Bohl, Alexander	http://stats.ncaa.org/player?game_sport_year_ctl_id=12380&stats_player_seq=1548977	true	""	0	0	0	0	0	0	0	0	1	0	0	0	0	0	0	0	0	0	0	0	0	0	0	0	0
4004129	0	1559194	Cass, Brett	http://stats.ncaa.org/player?game_sport_year_ctl_id=12380&stats_player_seq=1559194	true	""	0	0	0	0	0	0	0	0	0	0	0	0	0	0	119	0	0	0	0	0	0	0	0	0	0
4004129	0	1765665	Clark, Michael	http://stats.ncaa.org/player?game_sport_year_ctl_id=12380&stats_player_seq=1765665	true	""	0	0	0	0	0	0	0	0	0	0	0	0	0	0	0	0	0	0	0	0	0	0	0	0	0
4004129	0	1765661	Cyron, Stephen	http://stats.ncaa.org/player?game_sport_year_ctl_id=12380&stats_player_seq=1765661	true	""	1	0	1	1	1	0	0	0	0	0	0	0	0	0	0	0	0	0	0	0	0	0	0	0	0
4004129	0	1642891	Doyle, Sean	http://stats.ncaa.org/player?game_sport_year_ctl_id=12380&stats_player_seq=1642891	true	""	0	0	0	0	0	0	0	0	0	0	0	0	0	0	0	0	0	0	0	0	0	0	0	0	0
4004129	0	1765662	Eveland, Mike	http://stats.ncaa.org/player?game_sport_year_ctl_id=12380&stats_player_seq=1765662	true	""	0	0	0	1	0	0	0	1	0	0	0	0	0	0	0	0	0	0	0	0	0	0	0	0	0
4004129	0	1642873	Fickenscher, Clay	http://stats.ncaa.org/player?game_sport_year_ctl_id=12380&stats_player_seq=1642873	true	""	0	0	0	0	0	0	0	2	1	1	0	0	0	0	0	0	0	0	0	0	0	0	0	0	0
4004129	0	1642894	Gibson, Leighton	http://stats.ncaa.org/player?game_sport_year_ctl_id=12380&stats_player_seq=1642894	true	""	0	0	0	0	0	0	0	0	0	0	0	0	0	0	0	0	0	0	0	0	0	0	0	0	0
4004129	0	1765658	Gibson, Tyson	http://stats.ncaa.org/player?game_sport_year_ctl_id=12380&stats_player_seq=1765658	true	""	0	0	0	2	2	0	0	0	1	0	0	0	0	0	0	0	0	0	0	0	0	0	0	0	0
4004129	0	1765659	Heger, Alex	http://stats.ncaa.org/player?game_sport_year_ctl_id=12380&stats_player_seq=1765659	true	""	0	0	0	0	0	0	0	1	0	0	0	0	0	0	1	3	4	0	0	0	0	0	0	0	0
4004129	0	1559193	Johnston, Alec	http://stats.ncaa.org/player?game_sport_year_ctl_id=12380&stats_player_seq=1559193	true	""	0	0	0	0	0	0	0	0	0	0	0	0	0	0	0	0	0	0	0	0	0	0	0	0	0
4004129	0	1765657	Majewski, Shane	http://stats.ncaa.org/player?game_sport_year_ctl_id=12380&stats_player_seq=1765657	true	""	1	0	1	1	1	0	0	2	0	1	0	0	0	0	0	0	0	0	0	0	0	0	0	0	0
4004129	0	1765648	Pike, Eddie	http://stats.ncaa.org/player?game_sport_year_ctl_id=12380&stats_player_seq=1765648	true	""	0	0	0	0	0	0	0	0	0	0	0	0	0	0	0	0	0	0	0	0	0	0	0	0	0
4004129	0	1765649	Smith, Daniel	http://stats.ncaa.org/player?game_sport_year_ctl_id=12380&stats_player_seq=1765649	true	""	0	0	0	0	0	0	0	2	1	0	0	0	0	0	0	0	0	0	0	0	0	0	0	0	0
4004129	0	1765663	Smith, Eddie	http://stats.ncaa.org/player?game_sport_year_ctl_id=12380&stats_player_seq=1765663	true	""	0	0	0	3	2	0	0	0	0	0	0	0	0	0	0	0	0	0	0	0	0	0	0	0	0
4004129	0	1642867	Sturgis, David	http://stats.ncaa.org/player?game_sport_year_ctl_id=12380&stats_player_seq=1642867	true	""	0	0	0	0	0	0	0	0	0	0	2	5	0	0	0	0	0	0	0	0	0	0	0	0	0
4004129	0	1642888	Wales, Mitchell	http://stats.ncaa.org/player?game_sport_year_ctl_id=12380&stats_player_seq=1642888	true	""	0	0	0	0	0	0	0	3	0	1	0	0	1	60	0	0	0	0	0	0	0	0	0	0	0
4004129	0	1642892	Yepsen, Conner	http://stats.ncaa.org/player?game_sport_year_ctl_id=12380&stats_player_seq=1642892	true	""	1	0	1	1	1	0	0	0	2	0	0	0	0	0	0	0	0	0	0	0	0	0	0	0	0
4004129	0		TEAM		true	""	0	0	0	0	0	0	0	0	0	0	0	0	0	0	0	0	0	0	0	0	0	0	0	0	0
4004129	0		Totals		true	""	7	4	11	31	19	2	0	38	11	5	12	29	2	120	3	20	13	0	0	0	0	0	12	14	0
4004129	1	1750606	Ament, Grant	http://stats.ncaa.org/player?game_sport_year_ctl_id=12380&stats_player_seq=1750606	true	A	2	5	7	6	3	0	0	3	0	0	0	0	0	0	0	0	0	0	0	0	0	0	0	0	0
4004129	1	1526687	Aponte, Nick	http://stats.ncaa.org/player?game_sport_year_ctl_id=12380&stats_player_seq=1526687	true	A	2	4	6	4	4	0	0	2	1	2	0	0	0	0	0	0	0	0	0	0	0	0	0	0	0
4004129	1	1652340	Aronow, Mike	http://stats.ncaa.org/player?game_sport_year_ctl_id=12380&stats_player_seq=1652340	true	D	0	0	0	0	0	0	0	2	0	0	0	0	1	30	0	0	0	0	0	0	0	0	0	0	0
4004129	1	1526697	Craig, Dan	http://stats.ncaa.org/player?game_sport_year_ctl_id=12380&stats_player_seq=1526697	true	M	0	0	0	1	0	0	0	1	0	0	0	0	0	0	0	0	0	0	0	0	0	0	0	0	0
4004129	1	1652350	Florence, Matt	http://stats.ncaa.org/player?game_sport_year_ctl_id=12380&stats_player_seq=1652350	true	M	3	1	4	5	5	0	0	0	0	0	0	0	0	0	0	0	0	0	0	0	0	0	0	0	0
4004129	1	1545167	Prestreau, Brian	http://stats.ncaa.org/player?game_sport_year_ctl_id=12380&stats_player_seq=1545167	true	M	2	0	2	3	3	0	0	1	0	0	0	0	0	0	0	0	0	0	0	0	0	0	0	0	0
4004129	1	1750612	Sabia, Christopher	http://stats.ncaa.org/player?game_sport_year_ctl_id=12380&stats_player_seq=1750612	true	D	0	0	0	0	0	0	0	3	0	0	0	0	0	0	0	0	0	0	0	0	0	0	0	0	0
4004129	1	1436076	Sanders, TJ	http://stats.ncaa.org/player?game_sport_year_ctl_id=12380&stats_player_seq=1436076	true	A	4	2	6	5	5	1	0	1	0	0	0	0	0	0	0	0	0	0	0	0	0	0	0	0	0
4004129	1	1652346	Schreiner, Will	http://stats.ncaa.org/player?game_sport_year_ctl_id=12380&stats_player_seq=1652346	true	GK	0	0	0	0	0	0	0	0	0	0	0	0	0	0	2	4	6	1	0	0	0	0	0	0	0
4004129	1	1526709	Triolo, Peter	http://stats.ncaa.org/player?game_sport_year_ctl_id=12380&stats_player_seq=1526709	true	D	0	1	1	0	0	0	0	1	0	0	0	0	0	0	0	0	0	0	0	0	0	0	0	0	0
4004129	1	1750608	Black, Robby	http://stats.ncaa.org/player?game_sport_year_ctl_id=12380&stats_player_seq=1750608	true	""	1	0	1	2	1	0	0	0	0	0	0	0	0	0	0	0	0	0	0	0	0	0	0	0	0
4004129	1	1436074	Burke, James	http://stats.ncaa.org/player?game_sport_year_ctl_id=12380&stats_player_seq=1436074	true	""	0	0	0	1	1	0	0	1	0	0	0	0	0	0	0	0	0	0	0	0	0	0	0	0	0
4004129	1	1652341	Butler, Tyler	http://stats.ncaa.org/player?game_sport_year_ctl_id=12380&stats_player_seq=1652341	true	""	0	0	0	0	0	0	0	1	1	0	0	0	0	0	0	0	0	0	0	0	0	0	0	0	0
4004129	1	1436125	Chakey, James	http://stats.ncaa.org/player?game_sport_year_ctl_id=12380&stats_player_seq=1436125	true	""	1	2	3	1	1	0	0	1	0	0	0	0	0	0	0	0	0	0	0	0	0	0	0	0	0
4004129	1	1526688	Chambers, Tyler	http://stats.ncaa.org/player?game_sport_year_ctl_id=12380&stats_player_seq=1526688	true	""	0	0	0	0	0	0	0	0	0	1	0	0	0	0	0	0	0	0	0	0	0	0	0	0	0
4004129	1	1750614	Donnelly, Matt	http://stats.ncaa.org/player?game_sport_year_ctl_id=12380&stats_player_seq=1750614	true	""	1	0	1	2	1	0	0	3	0	0	0	0	0	0	0	0	0	0	0	0	0	0	0	0	0
4004129	1	1750617	Fox, Kevin	http://stats.ncaa.org/player?game_sport_year_ctl_id=12380&stats_player_seq=1750617	true	""	1	0	1	1	1	0	0	9	0	0	0	0	0	0	0	0	0	0	0	0	0	0	0	0	0
4004129	1	1443098	Guittare, Ryan	http://stats.ncaa.org/player?game_sport_year_ctl_id=12380&stats_player_seq=1443098	true	""	0	0	0	0	0	0	0	1	0	0	0	0	0	0	0	0	0	0	0	0	0	0	0	0	0
4004129	1	1750619	Hill, Kevin	http://stats.ncaa.org/player?game_sport_year_ctl_id=12380&stats_player_seq=1750619	true	""	0	0	0	1	1	0	0	2	0	0	0	0	0	0	0	0	0	0	0	0	0	0	0	0	0
4004129	1	1652342	Isenberg, Chris	http://stats.ncaa.org/player?game_sport_year_ctl_id=12380&stats_player_seq=1652342	true	""	0	0	0	0	0	0	0	0	0	0	0	0	0	0	0	0	0	0	0	0	0	0	0	0	0
4004129	1	1652343	Keenan, Ryan	http://stats.ncaa.org/player?game_sport_year_ctl_id=12380&stats_player_seq=1652343	true	""	0	0	0	0	0	0	0	0	0	0	0	0	0	0	0	0	0	0	0	0	0	0	0	0	0
4004129	1	1750620	Lamela, Dean	http://stats.ncaa.org/player?game_sport_year_ctl_id=12380&stats_player_seq=1750620	true	""	0	0	0	0	0	0	0	0	0	1	0	0	0	0	0	0	0	0	0	0	0	0	0	0	0
4004129	1	1526698	Lombardi, Billy	http://stats.ncaa.org/player?game_sport_year_ctl_id=12380&stats_player_seq=1526698	true	""	0	0	0	0	0	0	0	3	0	0	12	20	0	0	0	0	0	0	0	0	0	0	0	0	0
4004129	1	1526705	Maloney, Lucas	http://stats.ncaa.org/player?game_sport_year_ctl_id=12380&stats_player_seq=1526705	true	""	0	0	0	1	0	0	0	0	0	0	0	0	0	0	0	0	0	0	0	0	0	0	0	0	0
4004129	1	1750605	McClain, Michel	http://stats.ncaa.org/player?game_sport_year_ctl_id=12380&stats_player_seq=1750605	true	""	0	0	0	0	0	0	0	0	0	0	0	0	0	0	0	0	0	0	0	0	0	0	0	0	0
4004129	1	1750618	Nowoswiat, Jimmy	http://stats.ncaa.org/player?game_sport_year_ctl_id=12380&stats_player_seq=1750618	true	""	1	0	1	1	1	0	0	0	1	0	0	0	0	0	0	0	0	0	0	0	0	0	0	0	0
4004129	1	1436079	O'Neill, Tommy	http://stats.ncaa.org/player?game_sport_year_ctl_id=12380&stats_player_seq=1436079	true	""	0	0	0	0	0	0	0	2	0	0	0	0	0	0	0	0	0	0	0	0	0	0	0	0	0
4004129	1	1652344	Pearl, Hunter	http://stats.ncaa.org/player?game_sport_year_ctl_id=12380&stats_player_seq=1652344	true	""	0	0	0	0	0	0	0	0	1	0	0	0	0	0	524	3	4	0	0	0	0	0	0	0	0
4004129	1	1652345	Peck, Tanner	http://stats.ncaa.org/player?game_sport_year_ctl_id=12380&stats_player_seq=1652345	true	""	0	1	1	3	2	0	0	0	0	0	0	0	0	0	0	0	0	0	0	0	0	0	0	0	0
4004129	1	1750615	Petkevich, Drew	http://stats.ncaa.org/player?game_sport_year_ctl_id=12380&stats_player_seq=1750615	true	""	0	0	0	0	0	0	0	0	1	0	0	0	0	0	0	0	0	0	0	0	0	0	0	0	0
4004129	1	1750613	Ryan, Drew	http://stats.ncaa.org/player?game_sport_year_ctl_id=12380&stats_player_seq=1750613	true	""	0	0	0	1	0	0	0	0	0	0	0	0	0	0	0	0	0	0	0	0	0	0	0	0	0
4004129	1	1750611	Scollins, Trevor	http://stats.ncaa.org/player?game_sport_year_ctl_id=12380&stats_player_seq=1750611	true	""	0	0	0	0	0	0	0	1	0	0	0	0	0	0	650	0	2	0	0	0	0	0	0	0	0
4004129	1	1750610	Spillane, Nick	http://stats.ncaa.org/player?game_sport_year_ctl_id=12380&stats_player_seq=1750610	true	""	1	1	2	4	2	0	0	0	0	0	0	0	0	0	0	0	0	0	0	0	0	0	0	0	0
4004129	1	1750609	Stern, Brandon	http://stats.ncaa.org/player?game_sport_year_ctl_id=12380&stats_player_seq=1750609	true	""	0	0	0	0	0	0	0	0	0	0	0	0	0	0	0	0	0	0	0	0	0	0	0	0	0
4004129	1	1526708	Sutton, Mike	http://stats.ncaa.org/player?game_sport_year_ctl_id=12380&stats_player_seq=1526708	true	""	1	0	1	2	1	0	0	3	1	0	0	0	1	60	0	0	0	0	0	0	0	0	0	0	0
4004129	1	1652347	Traynor, Tripp	http://stats.ncaa.org/player?game_sport_year_ctl_id=12380&stats_player_seq=1652347	true	""	0	0	0	0	0	0	0	2	0	0	0	0	0	0	0	0	0	0	0	0	0	0	0	0	0
4004129	1	1443103	Von Nessen, John	http://stats.ncaa.org/player?game_sport_year_ctl_id=12380&stats_player_seq=1443103	true	""	0	0	0	0	0	0	0	0	0	0	1	4	0	0	0	0	0	0	0	0	0	0	0	0	0
4004129	1	1652348	Wellman, Josh	http://stats.ncaa.org/player?game_sport_year_ctl_id=12380&stats_player_seq=1652348	true	""	0	0	0	0	0	0	0	2	1	0	4	5	0	0	0	0	0	0	0	0	0	0	0	0	0
4004129	1	1750607	Wright, Tommy	http://stats.ncaa.org/player?game_sport_year_ctl_id=12380&stats_player_seq=1750607	true	""	0	0	0	1	1	0	0	2	0	0	0	0	0	0	0	0	0	0	0	0	0	0	0	0	0
4004129	1	1652349	Young, Chris	http://stats.ncaa.org/player?game_sport_year_ctl_id=12380&stats_player_seq=1652349	true	""	0	0	0	1	0	0	0	0	1	0	0	0	0	0	0	0	0	0	0	0	0	0	0	0	0
4004129	1		TEAM		true	""	0	0	0	0	0	0	0	0	0	0	0	0	0	0	0	0	0	0	0	0	0	0	0	0	0
4004129	1		Totals		true	""	20	17	37	46	33	1	0	47	8	4	17	29	2	90	3	7	12	0	0	0	0	0	11	13	0
4003927	0	1527135	Bergman, Stefan	http://stats.ncaa.org/player?game_sport_year_ctl_id=12380&stats_player_seq=1527135	true	D	0	0	0	0	0	0	0	1	1	1	0	0	0	0	0	0	0	0	0	0	0	0	0	0	0
4003927	0	1751996	Curran, Decker	http://stats.ncaa.org/player?game_sport_year_ctl_id=12380&stats_player_seq=1751996	true	MF	1	0	1	3	1	0	0	0	2	0	0	0	0	0	0	0	0	0	0	0	0	0	0	0	0
4003927	0	1527125	Hatton, Andrew	http://stats.ncaa.org/player?game_sport_year_ctl_id=12380&stats_player_seq=1527125	true	D	0	0	0	0	0	0	0	0	0	0	0	0	0	0	0	0	0	0	0	0	0	0	0	0	0
4003927	0	1418126	Jackson, Kyle	http://stats.ncaa.org/player?game_sport_year_ctl_id=12380&stats_player_seq=1418126	true	A	4	1	5	7	6	0	0	3	2	0	0	0	0	0	0	0	0	0	0	0	0	0	0	0	0
4003927	0	1765590	Joseph, David	http://stats.ncaa.org/player?game_sport_year_ctl_id=12380&stats_player_seq=1765590	true	MF	0	0	0	1	0	0	0	0	0	0	0	0	0	0	0	0	0	0	0	0	0	0	0	0	0
4003927	0	1527126	King, Ian	http://stats.ncaa.org/player?game_sport_year_ctl_id=12380&stats_player_seq=1527126	true	A	2	3	5	5	3	1	0	0	1	1	0	0	1	60	0	0	0	0	0	0	0	0	0	0	0
4003927	0	1418105	Kraus, Peter	http://stats.ncaa.org/player?game_sport_year_ctl_id=12380&stats_player_seq=1418105	true	A	1	1	2	2	1	0	0	1	0	0	0	0	0	0	0	0	0	0	0	0	0	0	0	0	0
4003927	0	1418113	Logan, Gerald	http://stats.ncaa.org/player?game_sport_year_ctl_id=12380&stats_player_seq=1418113	true	GK	0	0	0	0	0	0	0	0	0	0	0	0	0	0	1	10	3	0	1	0	0	0	0	0	0
4003927	0	1527128	Schlosser, Mikie	http://stats.ncaa.org/player?game_sport_year_ctl_id=12380&stats_player_seq=1527128	true	MF	0	1	1	2	1	0	0	1	1	0	0	0	0	0	0	0	0	0	0	0	0	0	0	0	0
4003927	0	1418114	Walker, Chris	http://stats.ncaa.org/player?game_sport_year_ctl_id=12380&stats_player_seq=1418114	true	D	0	0	0	0	0	0	0	3	1	0	0	0	0	0	0	0	0	0	0	0	0	0	0	0	0
4003927	0	1639216	Bogle, PJ	http://stats.ncaa.org/player?game_sport_year_ctl_id=12380&stats_player_seq=1639216	true	""	0	0	0	0	0	0	0	0	1	0	0	0	0	0	0	0	0	0	0	0	0	0	0	0	0
4003927	0	1418128	Brown, Chase	http://stats.ncaa.org/player?game_sport_year_ctl_id=12380&stats_player_seq=1418128	true	""	0	0	0	0	0	0	0	4	2	1	0	0	1	30	0	0	0	0	0	0	0	0	0	0	0
4003927	0	1751997	DeCaprio, Nick	http://stats.ncaa.org/player?game_sport_year_ctl_id=12380&stats_player_seq=1751997	true	""	0	0	0	0	0	0	0	1	0	0	0	0	0	0	0	0	0	0	0	0	0	0	0	0	0
4003927	0	1418106	Gaughan, Brendan	http://stats.ncaa.org/player?game_sport_year_ctl_id=12380&stats_player_seq=1418106	true	""	0	0	0	0	0	0	0	2	0	0	0	0	0	0	0	0	0	0	0	0	0	0	0	0	0
4003927	0	1418109	Hernandez, Mike	http://stats.ncaa.org/player?game_sport_year_ctl_id=12380&stats_player_seq=1418109	true	""	1	0	1	1	1	0	0	0	0	0	0	0	0	0	0	0	0	0	0	0	0	0	0	0	0
4003927	0	1418116	Keady, Charlie	http://stats.ncaa.org/player?game_sport_year_ctl_id=12380&stats_player_seq=1418116	true	""	0	0	0	0	0	0	0	0	0	0	0	0	0	0	0	0	0	0	0	0	0	0	0	0	0
4003927	0	1418125	Kennedy, Riley	http://stats.ncaa.org/player?game_sport_year_ctl_id=12380&stats_player_seq=1418125	true	""	1	0	1	3	2	0	0	1	0	0	0	0	0	0	0	0	0	0	0	0	0	0	0	0	0
4003927	0	1418120	Kinek, Dan	http://stats.ncaa.org/player?game_sport_year_ctl_id=12380&stats_player_seq=1418120	true	""	0	0	0	0	0	0	0	1	0	0	0	0	0	0	0	0	0	0	0	0	0	0	0	0	0
4003927	0	1418112	Lott, Brad	http://stats.ncaa.org/player?game_sport_year_ctl_id=12380&stats_player_seq=1418112	true	""	0	0	0	0	0	0	0	2	0	0	9	21	0	0	0	0	0	0	0	0	0	0	0	0	0
4003927	0	1639222	McDonnell, Mike	http://stats.ncaa.org/player?game_sport_year_ctl_id=12380&stats_player_seq=1639222	true	""	0	0	0	0	0	0	0	2	0	0	5	13	0	0	0	0	0	0	0	0	0	0	0	0	0
4003927	0	1639219	McKee, Parker	http://stats.ncaa.org/player?game_sport_year_ctl_id=12380&stats_player_seq=1639219	true	""	0	0	0	0	0	0	0	0	0	0	0	0	0	0	0	0	0	0	0	0	0	0	0	0	0
4003927	0	1527134	Roswell, Andrew	http://stats.ncaa.org/player?game_sport_year_ctl_id=12380&stats_player_seq=1527134	true	""	0	0	0	0	0	0	0	0	1	0	0	0	0	0	0	0	0	0	0	0	0	0	0	0	0
4003927	0	1752002	Sutherland, Rocco	http://stats.ncaa.org/player?game_sport_year_ctl_id=12380&stats_player_seq=1752002	true	""	0	0	0	0	0	0	0	0	0	0	0	0	0	0	0	0	0	0	0	0	0	0	0	0	0
4003927	0	1639213	Tracy, Patrick	http://stats.ncaa.org/player?game_sport_year_ctl_id=12380&stats_player_seq=1639213	true	""	0	0	0	0	0	0	0	0	0	0	0	0	0	0	0	0	0	0	0	0	0	0	0	0	0
4003927	0	1527129	Wolter, Christian	http://stats.ncaa.org/player?game_sport_year_ctl_id=12380&stats_player_seq=1527129	true	""	0	0	0	1	0	0	0	0	0	0	0	0	1	60	0	0	0	0	0	0	0	0	0	0	0
4003927	0	1639212	Young, Chase	http://stats.ncaa.org/player?game_sport_year_ctl_id=12380&stats_player_seq=1639212	true	""	0	0	0	0	0	0	0	1	0	1	0	0	0	0	0	0	0	0	0	0	0	0	0	0	0
4003927	0	1527132	Zonino, Robbie	http://stats.ncaa.org/player?game_sport_year_ctl_id=12380&stats_player_seq=1527132	true	""	0	0	0	0	0	0	0	1	0	0	0	0	0	0	1	10	3	0	0	0	0	0	0	0	0
4003927	0		TEAM		true	""	0	0	0	0	0	0	0	0	0	0	0	0	0	0	0	0	0	0	0	0	0	0	0	0	0
4003927	0		Totals		true	""	10	6	16	25	15	1	0	24	12	4	14	34	3	150	3	20	6	0	0	0	0	0	8	10	0
4003927	1	1530126	Pifani, Austin	http://stats.ncaa.org/player?game_sport_year_ctl_id=12380&stats_player_seq=1530126	true	D	0	0	0	0	0	0	0	4	0	1	0	0	1	60	0	0	0	0	0	0	0	0	0	0	0
4003927	1	1530131	Balkam, Brian	http://stats.ncaa.org/player?game_sport_year_ctl_id=12380&stats_player_seq=1530131	true	GK	0	0	0	0	0	0	0	3	0	1	0	0	0	0	3	9	5	1	0	0	0	0	0	0	0
4003927	1	1644121	Cloutier, Chris	http://stats.ncaa.org/player?game_sport_year_ctl_id=12380&stats_player_seq=1644121	true	A	5	0	5	7	5	1	0	2	1	0	0	0	0	0	0	0	0	0	0	0	0	0	0	0	0
4003927	1	1752478	Rowlett, Jack	http://stats.ncaa.org/player?game_sport_year_ctl_id=12380&stats_player_seq=1752478	true	D	0	0	0	0	0	0	0	1	0	1	0	0	0	0	0	0	0	0	0	0	0	0	0	0	0
4003927	1	1530118	Goldstock, Luke	http://stats.ncaa.org/player?game_sport_year_ctl_id=12380&stats_player_seq=1530118	true	A	2	3	5	10	4	0	0	4	1	0	0	0	0	0	0	0	0	0	0	0	0	0	0	0	0
4003927	1	1417506	Tagliaferri, Michael	http://stats.ncaa.org/player?game_sport_year_ctl_id=12380&stats_player_seq=1417506	true	MF	0	1	1	2	0	0	0	3	1	0	0	0	0	0	0	0	0	0	0	0	0	0	0	0	0
4003927	1	1417502	Kelly, Patrick	http://stats.ncaa.org/player?game_sport_year_ctl_id=12380&stats_player_seq=1417502	true	MF	1	1	2	4	2	0	0	1	1	0	0	0	0	0	0	0	0	0	0	0	0	0	0	0	0
4003927	1	1417508	Pontrello, Steve	http://stats.ncaa.org/player?game_sport_year_ctl_id=12380&stats_player_seq=1417508	true	A	4	1	5	6	5	1	0	1	3	0	0	0	0	0	0	0	0	0	0	0	0	0	0	0	0
4003927	1	1752458	Kelly, Timmy	http://stats.ncaa.org/player?game_sport_year_ctl_id=12380&stats_player_seq=1752458	true	MF	2	0	2	4	2	0	0	1	0	0	0	0	0	0	0	0	0	0	0	0	0	0	0	0	0
4003927	1	1417528	Powers, Zach	http://stats.ncaa.org/player?game_sport_year_ctl_id=12380&stats_player_seq=1417528	true	D	0	0	0	0	0	0	0	0	0	1	0	0	0	0	0	0	0	0	0	0	0	0	0	0	0
4003927	1	1530133	Bedard, Brett	http://stats.ncaa.org/player?game_sport_year_ctl_id=12380&stats_player_seq=1530133	true	""	0	0	0	0	0	0	0	0	0	0	0	0	1	60	0	0	0	0	0	0	0	0	0	0	0
4003927	1	1644116	Cannon, Brian	http://stats.ncaa.org/player?game_sport_year_ctl_id=12380&stats_player_seq=1644116	true	""	0	0	0	0	0	0	0	0	0	0	0	0	0	0	0	0	0	0	0	0	0	0	0	0	0
4003927	1	1752460	Kelly, Charles	http://stats.ncaa.org/player?game_sport_year_ctl_id=12380&stats_player_seq=1752460	true	""	0	0	0	0	0	0	0	1	0	0	7	12	0	0	0	0	0	0	0	0	0	0	0	0	0
4003927	1	1644117	Gilman, Eddie	http://stats.ncaa.org/player?game_sport_year_ctl_id=12380&stats_player_seq=1644117	true	""	0	0	0	0	0	0	0	0	0	0	0	0	0	0	143	1	0	0	0	0	0	0	0	0	0
4003927	1	1417535	Connell, Evan	http://stats.ncaa.org/player?game_sport_year_ctl_id=12380&stats_player_seq=1417535	true	""	1	0	1	1	1	0	0	3	0	1	0	0	0	0	0	0	0	0	0	0	0	0	0	0	0
4003927	1	1530132	Lambert, Jack	http://stats.ncaa.org/player?game_sport_year_ctl_id=12380&stats_player_seq=1530132	true	""	0	0	0	1	1	0	0	2	0	0	0	0	0	0	0	0	0	0	0	0	0	0	0	0	0
4003927	1	1417503	Matthai, Jake	http://stats.ncaa.org/player?game_sport_year_ctl_id=12380&stats_player_seq=1417503	true	""	1	0	1	1	1	0	1	5	0	0	0	0	0	0	0	0	0	0	0	0	0	0	0	0	0
4003927	1	1644112	Prysko, Jordan	http://stats.ncaa.org/player?game_sport_year_ctl_id=12380&stats_player_seq=1644112	true	""	1	0	1	1	1	0	0	2	0	0	0	0	0	0	0	0	0	0	0	0	0	0	0	0	0
4003927	1	1644123	Mathie, Kyle	http://stats.ncaa.org/player?game_sport_year_ctl_id=12380&stats_player_seq=1644123	true	""	0	0	0	0	0	0	0	0	0	0	0	0	0	0	0	0	0	0	0	0	0	0	0	0	0
4003927	1	1417522	Rizzo, Mark	http://stats.ncaa.org/player?game_sport_year_ctl_id=12380&stats_player_seq=1417522	true	""	0	0	0	0	0	0	0	1	0	0	0	0	0	0	0	0	0	0	0	0	0	0	0	0	0
4003927	1	1530134	Klawinski, Peyton	http://stats.ncaa.org/player?game_sport_year_ctl_id=12380&stats_player_seq=1530134	true	""	1	0	1	1	1	0	0	0	0	0	0	0	0	0	0	0	0	0	0	0	0	0	0	0	0
4003927	1	1644115	Graham, Riley	http://stats.ncaa.org/player?game_sport_year_ctl_id=12380&stats_player_seq=1644115	true	""	0	0	0	0	0	0	0	1	0	0	1	1	0	0	0	0	0	0	0	0	0	0	0	0	0
4003927	1	1530128	Simpson, Shane	http://stats.ncaa.org/player?game_sport_year_ctl_id=12380&stats_player_seq=1530128	true	""	0	2	2	1	0	0	0	1	1	0	0	0	0	0	0	0	0	0	0	0	0	0	0	0	0
4003927	1	1530129	Kelly, Stephen	http://stats.ncaa.org/player?game_sport_year_ctl_id=12380&stats_player_seq=1530129	true	""	0	0	0	0	0	0	0	3	1	0	12	21	0	0	0	0	0	0	0	0	0	0	0	0	0
4003927	1	1530130	Jozokos, Tate	http://stats.ncaa.org/player?game_sport_year_ctl_id=12380&stats_player_seq=1530130	true	""	0	0	0	1	0	0	0	3	1	1	0	0	1	60	0	0	0	0	0	0	0	0	0	0	0
4003927	1	1644114	Gehlbach, Timmy	http://stats.ncaa.org/player?game_sport_year_ctl_id=12380&stats_player_seq=1644114	true	""	0	0	0	0	0	0	0	1	0	0	0	0	1	60	0	0	0	0	0	0	0	0	0	0	0
4003927	1	1644113	McBride, William	http://stats.ncaa.org/player?game_sport_year_ctl_id=12380&stats_player_seq=1644113	true	""	2	1	3	3	3	0	0	1	0	0	0	0	0	0	0	0	0	0	0	0	0	0	0	0	0
4003927	1		TEAM		true	""	0	0	0	0	0	0	0	0	0	0	0	0	2	60	0	0	0	0	0	0	0	0	0	0	0
4003927	1		Totals		true	""	20	9	29	43	26	2	1	44	10	6	20	34	6	300	3	10	5	0	0	0	0	0	13	14	0
4003564	0	1765071	Shanks, Austin	http://stats.ncaa.org/player?game_sport_year_ctl_id=12380&stats_player_seq=1765071	true	M	1	2	3	5	3	0	0	0	2	0	0	0	0	0	0	0	0	0	0	0	0	0	0	0	0
4003564	0	1423801	Brown, Carter	http://stats.ncaa.org/player?game_sport_year_ctl_id=12380&stats_player_seq=1423801	true	A	1	1	2	4	2	0	0	0	1	0	0	0	0	0	0	0	0	0	0	0	0	0	0	0	0
4003564	0	1423808	Mahoney, Chris	http://stats.ncaa.org/player?game_sport_year_ctl_id=12380&stats_player_seq=1423808	true	D	0	0	0	0	0	0	0	1	0	1	0	0	0	0	0	0	0	0	0	0	0	0	0	0	0
4003564	0	1652320	Chell, Colin	http://stats.ncaa.org/player?game_sport_year_ctl_id=12380&stats_player_seq=1652320	true	A	1	0	1	3	1	1	0	1	1	1	0	0	0	0	0	0	0	0	0	0	0	0	0	0	0
4003564	0	1652321	Evans, Erik	http://stats.ncaa.org/player?game_sport_year_ctl_id=12380&stats_player_seq=1652321	true	D	0	0	0	0	0	0	0	1	0	0	0	0	1	30	0	0	0	0	0	0	0	0	0	0	0
4003564	0	1545236	Blubaugh, J.T.	http://stats.ncaa.org/player?game_sport_year_ctl_id=12380&stats_player_seq=1545236	true	M	1	0	1	6	4	0	0	1	0	0	0	0	0	0	0	0	0	0	0	0	0	0	0	0	0
4003564	0	1545237	Kelly, John	http://stats.ncaa.org/player?game_sport_year_ctl_id=12380&stats_player_seq=1545237	true	M	1	1	2	5	2	0	0	1	2	0	0	0	0	0	0	0	0	0	0	0	0	0	0	0	0
4003564	0	1423803	Haus, Robby	http://stats.ncaa.org/player?game_sport_year_ctl_id=12380&stats_player_seq=1423803	true	D	0	0	0	0	0	0	0	1	0	0	0	0	1	60	0	0	0	0	0	0	0	0	0	0	0
4003564	0	1423804	Hunter, Ryan	http://stats.ncaa.org/player?game_sport_year_ctl_id=12380&stats_player_seq=1423804	true	A	0	0	0	2	0	0	0	3	2	0	0	0	0	0	0	0	0	0	0	0	0	0	0	0	0
4003564	0	1652329	Carey, Tom	http://stats.ncaa.org/player?game_sport_year_ctl_id=12380&stats_player_seq=1652329	true	GK	0	0	0	0	0	0	0	3	0	0	0	0	0	0	3	7	5	1	0	0	0	0	0	0	0
4003564	0	1765070	Morris, Alex	http://stats.ncaa.org/player?game_sport_year_ctl_id=12380&stats_player_seq=1765070	true	""	0	0	0	0	0	0	0	0	0	0	0	0	0	0	0	0	0	0	0	0	0	0	0	0	0
4003564	0	1765067	Lori, Bo	http://stats.ncaa.org/player?game_sport_year_ctl_id=12380&stats_player_seq=1765067	true	""	0	0	0	1	1	0	0	0	0	0	0	0	0	0	0	0	0	0	0	0	0	0	0	0	0
4003564	0	1652317	Barger, Brendan	http://stats.ncaa.org/player?game_sport_year_ctl_id=12380&stats_player_seq=1652317	true	""	0	0	0	0	0	0	0	2	0	3	0	0	0	0	0	0	0	0	0	0	0	0	0	0	0
4003564	0	1652337	Lichtenauer, Bryan	http://stats.ncaa.org/player?game_sport_year_ctl_id=12380&stats_player_seq=1652337	true	""	0	0	0	0	0	0	0	0	0	0	0	0	0	0	0	0	0	0	0	0	0	0	0	0	0
4003564	0	1765062	Fannell, Eric	http://stats.ncaa.org/player?game_sport_year_ctl_id=12380&stats_player_seq=1765062	true	""	0	0	0	0	0	0	0	0	0	0	0	0	0	0	0	0	0	0	0	0	0	0	0	0	0
4003564	0	1652322	Freibott, Freddy	http://stats.ncaa.org/player?game_sport_year_ctl_id=12380&stats_player_seq=1652322	true	""	0	0	0	0	0	0	0	0	0	0	0	0	0	0	0	0	0	0	0	0	0	0	0	0	0
4003564	0	1765063	Jasinski, Jack	http://stats.ncaa.org/player?game_sport_year_ctl_id=12380&stats_player_seq=1765063	true	""	1	0	1	5	3	0	0	2	1	0	0	0	0	0	0	0	0	0	0	0	0	0	0	0	0
4003564	0	1545238	Withers, Jake	http://stats.ncaa.org/player?game_sport_year_ctl_id=12380&stats_player_seq=1545238	true	""	0	0	0	1	1	0	0	9	0	0	14	19	0	0	0	0	0	0	0	0	0	0	0	0	0
4003564	0	1558357	Pearson, Johnny	http://stats.ncaa.org/player?game_sport_year_ctl_id=12380&stats_player_seq=1558357	true	""	2	0	2	5	4	0	0	0	2	0	0	0	0	0	0	0	0	0	0	0	0	0	0	0	0
4003564	0	1423805	Kapinos, Kacy	http://stats.ncaa.org/player?game_sport_year_ctl_id=12380&stats_player_seq=1423805	true	""	0	0	0	0	0	0	0	1	1	2	0	0	0	0	0	0	0	0	0	0	0	0	0	0	0
4003564	0	1765068	Maccani, Logan	http://stats.ncaa.org/player?game_sport_year_ctl_id=12380&stats_player_seq=1765068	true	""	0	0	0	0	0	0	0	0	0	0	0	0	0	0	0	0	0	0	0	0	0	0	0	0	0
4003564	0	1559285	Bailey, Lucas	http://stats.ncaa.org/player?game_sport_year_ctl_id=12380&stats_player_seq=1559285	true	""	0	0	0	0	0	0	0	0	0	0	0	0	0	0	0	0	0	0	0	0	0	0	0	0	0
4003564	0	1765059	Borges, Matt	http://stats.ncaa.org/player?game_sport_year_ctl_id=12380&stats_player_seq=1765059	true	""	0	0	0	0	0	0	0	2	0	0	0	0	0	0	0	0	0	0	0	0	0	0	0	0	0
4003564	0	1765058	Best, Noah	http://stats.ncaa.org/player?game_sport_year_ctl_id=12380&stats_player_seq=1765058	true	""	0	0	0	1	0	0	0	0	0	0	0	0	0	0	0	0	0	0	0	0	0	0	0	0	0
4003564	0	1652325	Hodgins, Trevor	http://stats.ncaa.org/player?game_sport_year_ctl_id=12380&stats_player_seq=1652325	true	""	0	0	0	0	0	0	0	0	0	0	0	0	0	0	0	0	0	0	0	0	0	0	0	0	0
4003564	0	1423809	Pfister, Tyler	http://stats.ncaa.org/player?game_sport_year_ctl_id=12380&stats_player_seq=1423809	true	""	0	0	0	0	0	0	0	0	0	1	0	0	0	0	0	0	0	0	0	0	0	0	0	0	0
4003564	0		TEAM		true	""	0	0	0	0	0	0	0	0	0	0	0	0	0	0	0	0	0	0	0	0	0	0	0	0	0
4003564	0		Totals		true	""	8	4	12	38	21	1	0	28	12	8	14	19	2	90	3	7	5	0	0	0	0	0	12	13	0
4003564	1	1764102	Williamson, David	http://stats.ncaa.org/player?game_sport_year_ctl_id=12380&stats_player_seq=1764102	true	A	0	1	1	0	0	0	0	3	0	1	0	0	1	60	0	0	0	0	0	0	0	0	0	0	0
4003564	1	1764107	Barry, Finn	http://stats.ncaa.org/player?game_sport_year_ctl_id=12380&stats_player_seq=1764107	true	M	0	0	0	3	1	0	0	0	1	0	0	0	0	0	0	0	0	0	0	0	0	0	0	0	0
4003564	1	1536899	Stone, Joe	http://stats.ncaa.org/player?game_sport_year_ctl_id=12380&stats_player_seq=1536899	true	D	0	0	0	0	0	0	0	3	0	1	0	0	1	60	0	0	0	0	0	0	0	0	0	0	0
4003564	1	1647757	Moore, Jonah	http://stats.ncaa.org/player?game_sport_year_ctl_id=12380&stats_player_seq=1647757	true	A	2	1	3	3	2	0	0	0	1	0	0	0	0	0	0	0	0	0	0	0	0	0	0	0	0
4003564	1	1764103	VanGalen, Matthew	http://stats.ncaa.org/player?game_sport_year_ctl_id=12380&stats_player_seq=1764103	true	A	1	1	2	2	2	1	0	1	3	0	0	0	1	30	0	0	0	0	0	0	0	0	0	0	0
4003564	1	1764116	Widhelm, Parker	http://stats.ncaa.org/player?game_sport_year_ctl_id=12380&stats_player_seq=1764116	true	D	0	0	0	0	0	0	0	1	0	0	0	0	0	0	0	0	0	0	0	0	0	0	0	0	0
4003564	1	1647753	McDermott, Reilly	http://stats.ncaa.org/player?game_sport_year_ctl_id=12380&stats_player_seq=1647753	true	GK	0	0	0	0	0	0	0	0	1	0	0	0	0	0	3	8	13	0	1	0	0	0	0	0	0
4003564	1	1536901	Primeau, Scott	http://stats.ncaa.org/player?game_sport_year_ctl_id=12380&stats_player_seq=1536901	true	M	2	1	3	3	2	0	0	1	1	1	0	0	0	0	0	0	0	0	0	0	0	0	0	0	0
4003564	1	1536905	Farnish, Tommy	http://stats.ncaa.org/player?game_sport_year_ctl_id=12380&stats_player_seq=1536905	true	D	0	0	0	0	0	0	0	4	0	0	0	0	0	0	0	0	0	0	0	0	0	0	0	0	0
4003564	1	1764105	Scott, Zach	http://stats.ncaa.org/player?game_sport_year_ctl_id=12380&stats_player_seq=1764105	true	M	0	0	0	1	1	0	0	0	1	0	0	0	0	0	0	0	0	0	0	0	0	0	0	0	0
4003564	1	1536886	Yetman, Ben	http://stats.ncaa.org/player?game_sport_year_ctl_id=12380&stats_player_seq=1536886	true	""	0	0	0	0	0	0	0	1	1	0	0	0	1	30	0	0	0	0	0	0	0	0	0	0	0
4003564	1	1536871	Hancock, Chase	http://stats.ncaa.org/player?game_sport_year_ctl_id=12380&stats_player_seq=1536871	true	""	1	0	1	2	1	0	0	0	0	0	0	0	0	0	0	0	0	0	0	0	0	0	0	0	0
4003564	1	1536906	Kipke, Conner	http://stats.ncaa.org/player?game_sport_year_ctl_id=12380&stats_player_seq=1536906	true	""	0	0	0	0	0	0	0	0	0	0	0	0	0	0	0	0	0	0	0	0	0	0	0	0	0
4003564	1	1764111	Pinsoneault, Gus	http://stats.ncaa.org/player?game_sport_year_ctl_id=12380&stats_player_seq=1764111	true	""	0	0	0	1	1	0	0	0	0	0	0	0	0	0	0	0	0	0	0	0	0	0	0	0	0
4003564	1	1536867	Blaze, Hil	http://stats.ncaa.org/player?game_sport_year_ctl_id=12380&stats_player_seq=1536867	true	""	1	0	1	1	1	0	0	3	0	0	5	17	0	0	0	0	0	0	0	0	0	0	0	0	0
4003564	1	1536879	McDaid, J.J.	http://stats.ncaa.org/player?game_sport_year_ctl_id=12380&stats_player_seq=1536879	true	""	0	0	0	0	0	0	0	0	1	1	0	0	0	0	0	0	0	0	0	0	0	0	0	0	0
4003564	1	1536861	Vandenberg, Jon	http://stats.ncaa.org/player?game_sport_year_ctl_id=12380&stats_player_seq=1536861	true	""	0	0	0	0	0	0	0	1	0	2	0	0	0	0	0	0	0	0	0	0	0	0	0	0	0
4003564	1	1536870	Kane, Justin	http://stats.ncaa.org/player?game_sport_year_ctl_id=12380&stats_player_seq=1536870	true	""	0	0	0	0	0	0	0	0	0	0	0	2	0	0	0	0	0	0	0	0	0	0	0	0	0
4003564	1	1764106	Smith, Kevin	http://stats.ncaa.org/player?game_sport_year_ctl_id=12380&stats_player_seq=1764106	true	""	0	0	0	2	1	0	0	0	0	0	0	0	0	0	0	0	0	0	0	0	0	0	0	0	0
4003564	1	1536878	Courtney, Kyle	http://stats.ncaa.org/player?game_sport_year_ctl_id=12380&stats_player_seq=1536878	true	""	0	0	0	0	0	0	0	0	1	0	0	0	0	0	0	0	0	0	0	0	0	0	0	0	0
4003564	1	1536860	Geran, Matt	http://stats.ncaa.org/player?game_sport_year_ctl_id=12380&stats_player_seq=1536860	true	""	0	0	0	0	0	0	0	0	0	0	0	0	0	0	0	0	0	0	0	0	0	0	0	0	0
4003564	1	1764115	Cohen, Myles	http://stats.ncaa.org/player?game_sport_year_ctl_id=12380&stats_player_seq=1764115	true	""	0	0	0	0	0	0	0	1	0	0	0	0	0	0	0	0	0	0	0	0	0	0	0	0	0
4003564	1	1536882	Reilly, Patrick	http://stats.ncaa.org/player?game_sport_year_ctl_id=12380&stats_player_seq=1536882	true	""	0	0	0	0	0	0	0	1	0	1	0	0	1	60	0	0	0	0	0	0	0	0	0	0	0
4003564	1	1764109	Myers, Teddy	http://stats.ncaa.org/player?game_sport_year_ctl_id=12380&stats_player_seq=1764109	true	""	0	0	0	0	0	0	0	0	0	0	0	0	0	0	0	0	0	0	0	0	0	0	0	0	0
4003564	1	1536890	Lewis, Tim	http://stats.ncaa.org/player?game_sport_year_ctl_id=12380&stats_player_seq=1536890	true	""	0	0	0	0	0	0	0	1	0	0	0	0	0	0	0	0	0	0	0	0	0	0	0	0	0
4003564	1	1647745	Atkins, Trevor	http://stats.ncaa.org/player?game_sport_year_ctl_id=12380&stats_player_seq=1647745	true	""	0	0	0	0	0	0	0	0	1	0	0	0	0	0	0	0	0	0	0	0	0	0	0	0	0
4003564	1	1647756	Deyo, Troy	http://stats.ncaa.org/player?game_sport_year_ctl_id=12380&stats_player_seq=1647756	true	""	0	0	0	1	0	0	0	2	0	0	0	0	0	0	0	0	0	0	0	0	0	0	0	0	0
4003564	1		TEAM		true	""	0	0	0	0	0	0	0	0	1	0	0	0	0	0	0	0	0	0	0	0	0	0	0	0	0
4003564	1		Totals		true	""	7	4	11	19	12	1	0	23	13	7	5	19	5	240	3	8	13	0	0	0	0	0	16	19	0
4004130	0	1428715	Allen, Christopher	http://stats.ncaa.org/player?game_sport_year_ctl_id=12380&stats_player_seq=1428715	true	M	1	0	1	3	1	1	0	2	0	0	0	0	0	0	0	0	0	0	0	0	0	0	0	0	0
4004130	0	1765668	Carter, Cameron	http://stats.ncaa.org/player?game_sport_year_ctl_id=12380&stats_player_seq=1765668	true	A	1	0	1	2	1	0	0	1	2	0	0	0	0	0	0	0	0	0	0	0	0	0	0	0	0
4004130	0	1428725	Gouchoe, Doug	http://stats.ncaa.org/player?game_sport_year_ctl_id=12380&stats_player_seq=1428725	true	G	0	0	0	0	0	0	0	2	0	0	0	0	0	0	3	10	6	0	1	0	0	0	0	0	0
4004130	0	1656159	Gould, Grant	http://stats.ncaa.org/player?game_sport_year_ctl_id=12380&stats_player_seq=1656159	true	M	0	1	1	0	0	0	0	1	0	0	0	0	0	0	0	0	0	0	0	0	0	0	0	0	0
4004130	0	1656148	Hruby, Nick	http://stats.ncaa.org/player?game_sport_year_ctl_id=12380&stats_player_seq=1656148	true	A	1	0	1	5	2	0	0	1	2	0	0	0	0	0	0	0	0	0	0	0	0	0	0	0	0
4004130	0	1765670	Jones, Brandon	http://stats.ncaa.org/player?game_sport_year_ctl_id=12380&stats_player_seq=1765670	true	D	0	0	0	1	1	0	0	1	0	1	0	0	0	0	0	0	0	0	0	0	0	0	0	0	0
4004130	0	1656157	LaVine, Sean	http://stats.ncaa.org/player?game_sport_year_ctl_id=12380&stats_player_seq=1656157	true	D	0	1	1	0	0	0	0	5	1	0	0	0	0	0	0	0	0	0	0	0	0	0	0	0	0
4004130	0	1656158	Tien, Andrew	http://stats.ncaa.org/player?game_sport_year_ctl_id=12380&stats_player_seq=1656158	true	M	1	1	2	1	1	0	0	0	0	0	0	0	0	0	0	0	0	0	0	0	0	0	0	0	0
4004130	0	1656151	Walsch, Chris	http://stats.ncaa.org/player?game_sport_year_ctl_id=12380&stats_player_seq=1656151	true	A	2	1	3	3	3	0	0	2	2	1	0	0	1	30	0	0	0	0	0	0	0	0	0	0	0
4004130	0	1428713	Warden, Alex	http://stats.ncaa.org/player?game_sport_year_ctl_id=12380&stats_player_seq=1428713	true	D	0	0	0	0	0	0	0	0	2	2	0	0	0	0	0	0	0	0	0	0	0	0	0	0	0
4004130	0	1428728	Duenes, Matthew	http://stats.ncaa.org/player?game_sport_year_ctl_id=12380&stats_player_seq=1428728	true	""	0	0	0	0	0	0	0	0	0	0	0	0	0	0	0	0	0	0	0	0	0	0	0	0	0
4004130	0	1765669	Ekpenyong, Malik	http://stats.ncaa.org/player?game_sport_year_ctl_id=12380&stats_player_seq=1765669	true	""	0	0	0	0	0	0	0	0	0	0	0	0	0	0	0	0	0	0	0	0	0	0	0	0	0
4004130	0	1765667	Harper, Trent	http://stats.ncaa.org/player?game_sport_year_ctl_id=12380&stats_player_seq=1765667	true	""	0	0	0	0	0	0	0	3	0	0	5	12	1	30	0	0	0	0	0	0	0	0	0	0	0
4004130	0	1765666	Hemme, Jeremiah	http://stats.ncaa.org/player?game_sport_year_ctl_id=12380&stats_player_seq=1765666	true	""	0	0	0	0	0	0	0	2	0	2	0	0	0	0	0	0	0	0	0	0	0	0	0	0	0
4004130	0	1428724	Leathers, Luke	http://stats.ncaa.org/player?game_sport_year_ctl_id=12380&stats_player_seq=1428724	true	""	0	0	0	0	0	0	0	1	1	1	0	0	0	0	0	0	0	0	0	0	0	0	0	0	0
4004130	0	1428726	Lindell, Jake	http://stats.ncaa.org/player?game_sport_year_ctl_id=12380&stats_player_seq=1428726	true	""	0	0	0	0	0	0	0	0	0	0	0	0	0	0	0	0	0	0	0	0	0	0	0	0	0
4004130	0	1656149	Matarazzo, Joe	http://stats.ncaa.org/player?game_sport_year_ctl_id=12380&stats_player_seq=1656149	true	""	0	0	0	0	0	0	0	2	3	0	0	0	1	30	0	0	0	0	0	0	0	0	0	0	0
4004130	0	1538733	Payne, Zach	http://stats.ncaa.org/player?game_sport_year_ctl_id=12380&stats_player_seq=1538733	true	""	0	0	0	0	0	0	0	0	0	0	0	0	0	0	0	0	0	0	0	0	0	0	0	0	0
4004130	0	1656160	Radjenovich, Josh	http://stats.ncaa.org/player?game_sport_year_ctl_id=12380&stats_player_seq=1656160	true	""	0	0	0	0	0	0	0	1	0	0	2	8	0	0	0	0	0	0	0	0	0	0	0	0	0
4004130	0	1538736	Smith, Austin	http://stats.ncaa.org/player?game_sport_year_ctl_id=12380&stats_player_seq=1538736	true	""	0	0	0	1	0	0	0	1	2	0	0	0	0	0	0	0	0	0	0	0	0	0	0	0	0
4004130	0	1538738	Swartzman, Josh	http://stats.ncaa.org/player?game_sport_year_ctl_id=12380&stats_player_seq=1538738	true	""	0	0	0	0	0	0	0	0	0	2	0	0	0	0	0	0	0	0	0	0	0	0	0	0	0
4004130	0	1538740	Ward, Marcus	http://stats.ncaa.org/player?game_sport_year_ctl_id=12380&stats_player_seq=1538740	true	""	0	0	0	2	0	0	0	1	2	0	0	0	0	0	0	0	0	0	0	0	0	0	0	0	0
4004130	0	1765671	Wheeler, Roman	http://stats.ncaa.org/player?game_sport_year_ctl_id=12380&stats_player_seq=1765671	true	""	0	0	0	0	0	0	0	0	0	0	0	0	0	0	0	0	0	0	0	0	0	0	0	0	0
4004130	0		TEAM		true	""	0	0	0	0	0	0	0	0	1	1	0	0	0	0	0	0	0	0	0	0	0	0	0	0	0
4004130	0		Totals		true	""	6	4	10	18	9	1	0	26	18	10	7	20	3	90	3	10	6	0	0	0	0	0	12	17	0
4004130	1	1639373	Carter, Hiram	http://stats.ncaa.org/player?game_sport_year_ctl_id=12380&stats_player_seq=1639373	true	D	0	0	0	0	0	0	0	0	0	0	0	0	0	0	0	0	0	0	0	0	0	0	0	0	0
4004130	1	1418801	Connors, John	http://stats.ncaa.org/player?game_sport_year_ctl_id=12380&stats_player_seq=1418801	true	G	0	0	0	0	0	0	0	0	0	0	0	0	0	0	3	6	3	1	0	0	0	0	0	0	0
4004130	1	1531597	Fennell, Chris	http://stats.ncaa.org/player?game_sport_year_ctl_id=12380&stats_player_seq=1531597	true	D	0	1	1	0	0	0	0	1	1	0	0	0	0	0	0	0	0	0	0	0	0	0	0	0	0
4004130	1	1418806	Godino, Jules	http://stats.ncaa.org/player?game_sport_year_ctl_id=12380&stats_player_seq=1418806	true	D	0	0	0	0	0	0	0	1	1	1	0	0	0	0	0	0	0	0	0	0	0	0	0	0	0
4004130	1	1418808	Hanzsche, T.J.	http://stats.ncaa.org/player?game_sport_year_ctl_id=12380&stats_player_seq=1418808	true	A	0	1	1	1	1	0	0	2	2	1	0	0	0	0	0	0	0	0	0	0	0	0	0	0	0
4004130	1	1418811	Keena, Patrick	http://stats.ncaa.org/player?game_sport_year_ctl_id=12380&stats_player_seq=1418811	true	A	3	3	6	4	3	0	0	4	3	1	0	0	0	0	0	0	0	0	0	0	0	0	0	0	0
4004130	1	1639390	Ray, Jack	http://stats.ncaa.org/player?game_sport_year_ctl_id=12380&stats_player_seq=1639390	true	A	2	1	3	3	2	0	0	0	3	1	0	0	0	0	0	0	0	0	0	0	0	0	0	0	0
4004130	1	1639391	Rees, Casey	http://stats.ncaa.org/player?game_sport_year_ctl_id=12380&stats_player_seq=1639391	true	M	0	0	0	5	2	0	0	1	1	0	0	0	0	0	0	0	0	0	0	0	0	0	0	0	0
4004130	1	1753933	Torain, Greyson	http://stats.ncaa.org/player?game_sport_year_ctl_id=12380&stats_player_seq=1753933	true	M	3	0	3	6	5	0	0	0	1	0	0	0	0	0	0	0	0	0	0	0	0	0	0	0	0
4004130	1	1418816	Wendel, Kevin	http://stats.ncaa.org/player?game_sport_year_ctl_id=12380&stats_player_seq=1418816	true	M	1	0	1	2	2	0	0	2	2	0	0	0	0	0	0	0	0	0	0	0	0	0	0	0	0
4004130	1	1639375	Coyle, Spencer	http://stats.ncaa.org/player?game_sport_year_ctl_id=12380&stats_player_seq=1639375	true	""	0	0	0	0	0	0	0	0	0	0	0	0	1	30	0	0	0	0	0	0	0	0	0	0	0
4004130	1	1531596	Dove, Brady	http://stats.ncaa.org/player?game_sport_year_ctl_id=12380&stats_player_seq=1531596	true	""	0	0	0	0	0	0	0	7	0	1	12	19	0	0	0	0	0	0	0	0	0	0	0	0	0
4004130	1	1531598	Flounlacker, Colin	http://stats.ncaa.org/player?game_sport_year_ctl_id=12380&stats_player_seq=1531598	true	""	0	0	0	2	0	0	0	1	0	0	0	0	0	0	0	0	0	0	0	0	0	0	0	0	0
4004130	1	1639383	Hincks, Steve	http://stats.ncaa.org/player?game_sport_year_ctl_id=12380&stats_player_seq=1639383	true	""	0	0	0	0	0	0	0	1	0	0	0	0	0	0	0	0	0	0	0	0	0	0	0	0	0
4004130	1	1418810	Hirsch, Zach	http://stats.ncaa.org/player?game_sport_year_ctl_id=12380&stats_player_seq=1418810	true	""	0	0	0	0	0	0	0	0	0	0	0	0	0	0	0	0	0	0	0	0	0	0	0	0	0
4004130	1	1639387	Plumer, DJ	http://stats.ncaa.org/player?game_sport_year_ctl_id=12380&stats_player_seq=1639387	true	""	0	0	0	0	0	0	0	2	0	0	0	0	0	0	0	0	0	0	0	0	0	0	0	0	0
4004130	1	1531606	Rees, Matt	http://stats.ncaa.org/player?game_sport_year_ctl_id=12380&stats_player_seq=1531606	true	""	0	0	0	0	0	0	0	7	0	6	0	0	0	0	0	0	0	0	0	0	0	0	0	0	0
4004130	1	1639392	Strack, Michael	http://stats.ncaa.org/player?game_sport_year_ctl_id=12380&stats_player_seq=1639392	true	""	0	0	0	0	0	0	0	0	0	0	0	0	0	0	0	0	0	0	0	0	0	0	0	0	0
4004130	1	1531608	Trainor, John	http://stats.ncaa.org/player?game_sport_year_ctl_id=12380&stats_player_seq=1531608	true	""	1	0	1	1	1	0	0	2	1	1	0	0	0	0	0	0	0	0	0	0	0	0	0	0	0
4004130	1	1639394	Varello, Joe	http://stats.ncaa.org/player?game_sport_year_ctl_id=12380&stats_player_seq=1639394	true	""	0	0	0	0	0	0	0	0	0	0	1	1	0	0	0	0	0	0	0	0	0	0	0	0	0
4004130	1	1639395	Wardell, Ray	http://stats.ncaa.org/player?game_sport_year_ctl_id=12380&stats_player_seq=1639395	true	""	0	0	0	0	0	0	0	0	0	0	0	0	0	0	0	0	0	0	0	0	0	0	0	0	0
4004130	1		TEAM		true	""	0	0	0	0	0	0	0	0	1	0	0	0	0	0	0	0	0	0	0	0	0	0	0	0	0
4004130	1		Totals		true	""	10	6	16	24	16	0	0	31	16	12	13	20	1	30	3	6	3	0	0	0	0	0	13	15	0
4003276	0	1761648	Darby, Conor	http://stats.ncaa.org/player?game_sport_year_ctl_id=12380&stats_player_seq=1761648	true	A	1	0	1	3	1	0	0	3	2	0	0	0	0	0	0	0	0	0	0	0	0	0	0	0	0
4003276	0	1532878	Flannery, Connor	http://stats.ncaa.org/player?game_sport_year_ctl_id=12380&stats_player_seq=1532878	true	D	0	0	0	0	0	0	0	2	2	0	0	0	0	0	0	0	0	0	0	0	0	0	0	0	0
4003276	0	1532863	Garvey, Matt	http://stats.ncaa.org/player?game_sport_year_ctl_id=12380&stats_player_seq=1532863	true	M	1	0	1	4	2	0	0	0	5	0	0	0	1	60	0	0	0	0	0	0	0	0	0	0	0
4003276	0	1753988	Giarrantana, Parker	http://stats.ncaa.org/player?game_sport_year_ctl_id=12380&stats_player_seq=1753988	true	A	1	1	2	2	2	0	0	2	3	0	0	0	0	0	0	0	0	0	0	0	0	0	0	0	0
4003276	0	1437452	Gitlitz, Alex	http://stats.ncaa.org/player?game_sport_year_ctl_id=12380&stats_player_seq=1437452	true	D	0	0	0	0	0	0	0	4	2	1	0	0	0	0	0	0	0	0	0	0	0	0	0	0	0
4003276	0	1753991	Johnson, Cole	http://stats.ncaa.org/player?game_sport_year_ctl_id=12380&stats_player_seq=1753991	true	A	0	0	0	2	2	0	0	4	1	0	0	0	0	0	0	0	0	0	0	0	0	0	0	0	0
4003276	0	1532869	Merrill, Frank	http://stats.ncaa.org/player?game_sport_year_ctl_id=12380&stats_player_seq=1532869	true	D	0	0	0	0	0	0	0	4	0	2	1	7	2	90	0	0	0	0	0	0	0	0	0	0	0
4003276	0	1753993	Ratchford, William	http://stats.ncaa.org/player?game_sport_year_ctl_id=12380&stats_player_seq=1753993	true	M	0	0	0	2	0	0	0	1	0	1	0	0	0	0	0	0	0	0	0	0	0	0	0	0	0
4003276	0	1437451	Rogers, Jimmy	http://stats.ncaa.org/player?game_sport_year_ctl_id=12380&stats_player_seq=1437451	true	M	0	1	1	3	1	0	0	1	1	1	0	0	0	0	0	0	0	0	0	0	0	0	0	0	0
4003276	0	1638642	Zingaro, Michael	http://stats.ncaa.org/player?game_sport_year_ctl_id=12380&stats_player_seq=1638642	true	GK	0	0	0	0	0	0	0	2	1	0	0	0	0	0	3	16	17	0	1	0	0	0	0	0	0
4003276	0	1532860	Abiog, Alex	http://stats.ncaa.org/player?game_sport_year_ctl_id=12380&stats_player_seq=1532860	true	""	0	0	0	1	0	0	0	2	0	0	0	0	0	0	0	0	0	0	0	0	0	0	0	0	0
4003276	0	1753996	Baldi, Christian	http://stats.ncaa.org/player?game_sport_year_ctl_id=12380&stats_player_seq=1753996	true	""	0	0	0	1	0	0	0	0	0	0	0	0	0	0	0	0	0	0	0	0	0	0	0	0	0
4003276	0	1753987	DeMuro, Dylan	http://stats.ncaa.org/player?game_sport_year_ctl_id=12380&stats_player_seq=1753987	true	""	0	0	0	0	0	0	0	2	1	0	0	0	0	0	0	0	0	0	0	0	0	0	0	0	0
4003276	0	1532862	Fowler, Jack	http://stats.ncaa.org/player?game_sport_year_ctl_id=12380&stats_player_seq=1532862	true	""	0	0	0	0	0	0	0	0	0	0	1	5	0	0	0	0	0	0	0	0	0	0	0	0	0
4003276	0	1638639	Frankauski, Nick	http://stats.ncaa.org/player?game_sport_year_ctl_id=12380&stats_player_seq=1638639	true	""	0	0	0	0	0	0	0	0	0	0	0	4	0	0	0	0	0	0	0	0	0	0	0	0	0
4003276	0	1761649	Gazzillo, Nicholas	http://stats.ncaa.org/player?game_sport_year_ctl_id=12380&stats_player_seq=1761649	true	""	0	0	0	2	2	0	0	1	1	0	0	0	0	0	0	0	0	0	0	0	0	0	0	0	0
4003276	0	1638667	Karlis, Alex	http://stats.ncaa.org/player?game_sport_year_ctl_id=12380&stats_player_seq=1638667	true	""	0	0	0	0	0	0	0	0	0	0	1	4	0	0	0	0	0	0	0	0	0	0	0	0	0
4003276	0	1638668	Mermelstein, Zach	http://stats.ncaa.org/player?game_sport_year_ctl_id=12380&stats_player_seq=1638668	true	""	0	0	0	0	0	0	0	0	0	1	0	0	1	60	0	0	0	0	0	0	0	0	0	0	0
4003276	0	1532865	Noto, Gian	http://stats.ncaa.org/player?game_sport_year_ctl_id=12380&stats_player_seq=1532865	true	""	0	0	0	0	0	0	0	0	1	2	0	0	0	0	0	0	0	0	0	0	0	0	0	0	0
4003276	0	1638644	Sammarro, Chris	http://stats.ncaa.org/player?game_sport_year_ctl_id=12380&stats_player_seq=1638644	true	""	0	0	0	0	0	0	0	0	0	0	0	0	0	0	0	0	0	0	0	0	0	0	0	0	0
4003276	0	1753986	Sofroniou, Andrew	http://stats.ncaa.org/player?game_sport_year_ctl_id=12380&stats_player_seq=1753986	true	""	0	0	0	1	0	0	0	5	1	1	0	3	0	0	0	0	0	0	0	0	0	0	0	0	0
4003276	0	1532859	Stutler, Nick	http://stats.ncaa.org/player?game_sport_year_ctl_id=12380&stats_player_seq=1532859	true	""	0	0	0	0	0	0	0	0	0	0	0	0	0	0	0	0	0	0	0	0	0	0	0	0	0
4003276	0		TEAM		true	""	0	0	0	0	0	0	0	0	1	0	0	0	0	0	0	0	0	0	0	0	0	0	0	0	0
4003276	0		Totals		true	""	3	2	5	21	10	0	0	33	22	9	3	23	4	210	3	16	17	0	0	0	0	0	18	26	0
4003276	1	1647372	Johnson, Anthony	http://stats.ncaa.org/player?game_sport_year_ctl_id=12380&stats_player_seq=1647372	true	D	0	0	0	1	1	0	0	5	2	2	0	0	0	0	0	0	0	0	0	0	0	0	0	0	0
4003276	1	1647375	O'Donnell, Brady	http://stats.ncaa.org/player?game_sport_year_ctl_id=12380&stats_player_seq=1647375	true	A	2	2	4	2	2	0	0	3	1	0	0	0	0	0	0	0	0	0	0	0	0	0	0	0	0
4003276	1	1647382	Ziegler, Cam	http://stats.ncaa.org/player?game_sport_year_ctl_id=12380&stats_player_seq=1647382	true	A	4	2	6	8	7	1	0	1	2	0	0	0	0	0	0	0	0	0	0	0	0	0	0	0	0
4003276	1	1536219	South, Chas	http://stats.ncaa.org/player?game_sport_year_ctl_id=12380&stats_player_seq=1536219	true	D	0	0	0	0	0	0	0	2	0	1	0	0	0	0	0	0	0	0	0	0	0	0	0	0	0
4003276	1	1427055	Gantz, Collins	http://stats.ncaa.org/player?game_sport_year_ctl_id=12380&stats_player_seq=1427055	true	M	0	0	0	7	1	0	0	1	1	0	0	0	0	0	0	0	0	0	0	0	0	0	0	0	0
4003276	1	1303938	Waldt, Gunnar	http://stats.ncaa.org/player?game_sport_year_ctl_id=12380&stats_player_seq=1303938	true	GK	0	0	0	0	0	0	0	1	0	0	0	0	0	0	3	2	7	1	0	0	0	0	0	0	0
4003276	1	1536216	Mummau, Kyle	http://stats.ncaa.org/player?game_sport_year_ctl_id=12380&stats_player_seq=1536216	true	D	0	0	0	0	0	0	0	0	0	0	0	0	1	60	0	0	0	0	0	0	0	0	0	0	0
4003276	1	1536218	Sharpe, Ryan	http://stats.ncaa.org/player?game_sport_year_ctl_id=12380&stats_player_seq=1536218	true	M	4	2	6	5	5	1	0	1	0	0	0	0	0	0	0	0	0	0	0	0	0	0	0	0	0
4003276	1	1647373	Kennedy, Tom	http://stats.ncaa.org/player?game_sport_year_ctl_id=12380&stats_player_seq=1647373	true	M	1	0	1	2	2	0	0	1	0	0	0	0	0	0	0	0	0	0	0	0	0	0	0	0	0
4003276	1	1536211	James, Tucker	http://stats.ncaa.org/player?game_sport_year_ctl_id=12380&stats_player_seq=1536211	true	A	2	2	4	9	3	0	0	2	1	0	0	0	0	0	0	0	0	0	0	0	0	0	0	0	0
4003276	1	1536208	Baker, Brett	http://stats.ncaa.org/player?game_sport_year_ctl_id=12380&stats_player_seq=1536208	true	""	1	0	1	2	2	0	0	0	0	0	0	0	0	0	0	0	0	0	0	0	0	0	0	0	0
4003276	1	1427061	O'Donnell, Cody	http://stats.ncaa.org/player?game_sport_year_ctl_id=12380&stats_player_seq=1427061	true	""	0	0	0	1	1	0	0	4	0	1	0	0	0	0	0	0	0	0	0	0	0	0	0	0	0
4003276	1	1753875	Remshardt, Gabe	http://stats.ncaa.org/player?game_sport_year_ctl_id=12380&stats_player_seq=1753875	true	""	0	0	0	0	0	0	0	0	0	0	0	0	0	0	0	0	0	0	0	0	0	0	0	0	0
4003276	1	1536217	Seuffert, Graham	http://stats.ncaa.org/player?game_sport_year_ctl_id=12380&stats_player_seq=1536217	true	""	0	0	0	0	0	0	0	0	0	0	1	1	0	0	0	0	0	0	0	0	0	0	0	0	0
4003276	1	1753866	Buonaiuto, Jake	http://stats.ncaa.org/player?game_sport_year_ctl_id=12380&stats_player_seq=1753866	true	""	0	0	0	2	1	0	0	0	1	0	0	0	0	0	0	0	0	0	0	0	0	0	0	0	0
4003276	1	1647368	Chandler, Jake	http://stats.ncaa.org/player?game_sport_year_ctl_id=12380&stats_player_seq=1647368	true	""	0	0	0	0	0	0	0	0	0	0	0	0	0	0	0	0	0	0	0	0	0	0	0	0	0
4003276	1	1647381	Werner, James	http://stats.ncaa.org/player?game_sport_year_ctl_id=12380&stats_player_seq=1647381	true	""	0	0	0	0	0	0	0	0	0	0	0	0	0	0	278	1	0	0	0	0	0	0	0	0	0
4003276	1	1536212	Kaden, Jared	http://stats.ncaa.org/player?game_sport_year_ctl_id=12380&stats_player_seq=1536212	true	""	0	0	0	1	0	0	0	1	0	0	0	0	0	0	0	0	0	0	0	0	0	0	0	0	0
4003276	1	1427060	Marx, Joe	http://stats.ncaa.org/player?game_sport_year_ctl_id=12380&stats_player_seq=1427060	true	""	0	0	0	0	0	0	0	0	0	0	0	0	0	0	0	0	0	0	0	0	0	0	0	0	0
4003276	1	1536213	Massa, Kenny	http://stats.ncaa.org/player?game_sport_year_ctl_id=12380&stats_player_seq=1536213	true	""	0	1	1	1	1	0	0	13	3	0	19	22	0	0	0	0	0	0	0	0	0	0	0	0	0
4003276	1	1753874	Quigley, Kevin	http://stats.ncaa.org/player?game_sport_year_ctl_id=12380&stats_player_seq=1753874	true	""	1	0	1	2	1	0	0	1	0	0	0	0	0	0	0	0	0	0	0	0	0	0	0	0	0
4003276	1	1647369	Cornell, Kyle	http://stats.ncaa.org/player?game_sport_year_ctl_id=12380&stats_player_seq=1647369	true	""	0	0	0	2	0	0	0	1	1	1	0	0	0	0	0	0	0	0	0	0	0	0	0	0	0
4003276	1	1753870	Finneran, Luke	http://stats.ncaa.org/player?game_sport_year_ctl_id=12380&stats_player_seq=1753870	true	""	0	0	0	0	0	0	0	1	0	0	0	0	0	0	0	0	0	0	0	0	0	0	0	0	0
4003276	1	1536220	Tufano, Mike	http://stats.ncaa.org/player?game_sport_year_ctl_id=12380&stats_player_seq=1536220	true	""	0	0	0	0	0	0	0	0	0	0	0	0	0	0	0	0	0	0	0	0	0	0	0	0	0
4003276	1	1753877	Vailas, Mike	http://stats.ncaa.org/player?game_sport_year_ctl_id=12380&stats_player_seq=1753877	true	""	0	0	0	0	0	0	0	1	0	0	0	0	1	60	0	0	0	0	0	0	0	0	0	0	0
4003276	1	1647371	Hallmark, Nick	http://stats.ncaa.org/player?game_sport_year_ctl_id=12380&stats_player_seq=1647371	true	""	0	0	0	3	2	0	0	0	1	0	0	0	0	0	0	0	0	0	0	0	0	0	0	0	0
4003276	1	1536214	McEneaney, Pearse	http://stats.ncaa.org/player?game_sport_year_ctl_id=12380&stats_player_seq=1536214	true	""	0	0	0	1	1	0	0	0	1	0	0	0	0	0	0	0	0	0	0	0	0	0	0	0	0
4003276	1	1753867	Cerino, Ryan	http://stats.ncaa.org/player?game_sport_year_ctl_id=12380&stats_player_seq=1753867	true	""	0	0	0	0	0	0	0	0	0	0	0	0	0	0	0	0	0	0	0	0	0	0	0	0	0
4003276	1	1427063	O'Keefe, Sean	http://stats.ncaa.org/player?game_sport_year_ctl_id=12380&stats_player_seq=1427063	true	""	0	0	0	0	0	0	0	0	0	0	0	0	0	0	0	0	0	0	0	0	0	0	0	0	0
4003276	1	1536210	Herman, Spencer	http://stats.ncaa.org/player?game_sport_year_ctl_id=12380&stats_player_seq=1536210	true	""	0	0	0	1	0	0	0	0	0	0	0	0	0	0	0	0	0	0	0	0	0	0	0	0	0
4003276	1	1647383	Forsberg, Tom	http://stats.ncaa.org/player?game_sport_year_ctl_id=12380&stats_player_seq=1647383	true	""	0	3	3	3	1	0	0	0	0	0	0	0	0	0	0	0	0	0	0	0	0	0	0	0	0
4003276	1	1647380	Vailas, Tom	http://stats.ncaa.org/player?game_sport_year_ctl_id=12380&stats_player_seq=1647380	true	""	0	0	0	0	0	0	0	0	1	0	0	0	0	0	0	0	0	0	0	0	0	0	0	0	0
4003276	1	1647367	Bovich, Trevor	http://stats.ncaa.org/player?game_sport_year_ctl_id=12380&stats_player_seq=1647367	true	""	1	0	1	2	2	0	0	1	0	0	0	0	0	0	0	0	0	0	0	0	0	0	0	0	0
4003276	1	1753871	Hamernick, Will	http://stats.ncaa.org/player?game_sport_year_ctl_id=12380&stats_player_seq=1753871	true	""	0	0	0	0	0	0	0	0	0	0	0	0	0	0	0	0	0	0	0	0	0	0	0	0	0
4003276	1	1536215	Montero, Will	http://stats.ncaa.org/player?game_sport_year_ctl_id=12380&stats_player_seq=1536215	true	""	0	0	0	0	0	0	0	0	0	0	0	0	0	0	0	0	0	0	0	0	0	0	0	0	0
4003276	1	1427056	Gould, William	http://stats.ncaa.org/player?game_sport_year_ctl_id=12380&stats_player_seq=1427056	true	""	0	0	0	0	0	0	0	0	1	0	0	0	0	0	0	0	0	0	0	0	0	0	0	0	0
4003276	1	1427062	Micciche, Zack	http://stats.ncaa.org/player?game_sport_year_ctl_id=12380&stats_player_seq=1427062	true	""	0	0	0	0	0	0	0	0	0	0	0	0	0	0	0	0	0	0	0	0	0	0	0	0	0
4003276	1		TEAM		true	""	0	0	0	0	0	0	0	0	1	0	0	0	0	0	0	0	0	0	0	0	0	0	0	0	0
4003276	1		Totals		true	""	16	12	28	55	33	2	0	40	17	5	20	23	2	120	3	3	7	0	0	0	0	0	16	18	0
4005239	0	1435706	Bartlett, Nick	http://stats.ncaa.org/player?game_sport_year_ctl_id=12380&stats_player_seq=1435706	true	M	2	1	3	4	3	1	0	5	0	2	0	0	0	0	0	0	0	0	0	0	0	0	0	0	0
4005239	0	1655095	Burke, Matt	http://stats.ncaa.org/player?game_sport_year_ctl_id=12380&stats_player_seq=1655095	true	M	0	0	0	1	1	0	0	3	0	0	0	0	1	60	0	0	0	0	0	0	0	0	0	0	0
4005239	0	1765724	Cobb, Charlie	http://stats.ncaa.org/player?game_sport_year_ctl_id=12380&stats_player_seq=1765724	true	M	0	1	1	0	0	0	0	0	1	0	0	0	0	0	0	0	0	0	0	0	0	0	0	0	0
4005239	0	1765728	Jeffrey, Warren	http://stats.ncaa.org/player?game_sport_year_ctl_id=12380&stats_player_seq=1765728	true	D	0	0	0	0	0	0	0	2	1	1	0	0	1	60	0	0	0	0	0	0	0	0	0	0	0
4005239	0	1655101	Leary, James	http://stats.ncaa.org/player?game_sport_year_ctl_id=12380&stats_player_seq=1655101	true	D	0	0	0	0	0	0	0	2	1	1	0	2	0	0	0	0	0	0	0	0	0	0	0	0	0
4005239	0	1534091	MacKay, Ian	http://stats.ncaa.org/player?game_sport_year_ctl_id=12380&stats_player_seq=1534091	true	M	4	2	6	16	8	0	0	1	1	1	0	0	0	0	0	0	0	0	0	0	0	0	0	0	0
4005239	0	1765729	Milchling, Dawes	http://stats.ncaa.org/player?game_sport_year_ctl_id=12380&stats_player_seq=1765729	true	A	3	1	4	10	8	0	0	0	0	0	0	0	2	60	0	0	0	0	0	0	0	0	0	0	0
4005239	0	1435720	Rosenberg, Justin	http://stats.ncaa.org/player?game_sport_year_ctl_id=12380&stats_player_seq=1435720	true	GK	0	0	0	0	0	0	0	7	1	0	0	0	0	0	3	17	8	0	1	0	0	0	0	0	0
4005239	0	1655106	Stafford, Cam	http://stats.ncaa.org/player?game_sport_year_ctl_id=12380&stats_player_seq=1655106	true	A	0	0	0	5	3	0	0	5	0	1	0	0	1	60	0	0	0	0	0	0	0	0	0	0	0
4005239	0	1534088	Stanko, Alex	http://stats.ncaa.org/player?game_sport_year_ctl_id=12380&stats_player_seq=1534088	true	A	1	0	1	4	3	1	0	3	0	0	0	0	0	0	0	0	0	0	0	0	0	0	0	0	0
4005239	0	1435705	Barlow, James	http://stats.ncaa.org/player?game_sport_year_ctl_id=12380&stats_player_seq=1435705	true	""	3	0	3	9	6	0	0	2	2	0	1	2	0	0	0	0	0	0	0	0	0	0	0	0	0
4005239	0	1435709	Capone, Bryan	http://stats.ncaa.org/player?game_sport_year_ctl_id=12380&stats_player_seq=1435709	true	""	0	0	0	0	0	0	0	0	0	0	0	0	0	0	0	0	0	0	0	0	0	0	0	0	0
4005239	0	1765725	Chodos, Adam	http://stats.ncaa.org/player?game_sport_year_ctl_id=12380&stats_player_seq=1765725	true	""	0	0	0	0	0	0	0	0	0	0	0	0	0	0	0	0	0	0	0	0	0	0	0	0	0
4005239	0	1094916	Clarke, Michael	http://stats.ncaa.org/player?game_sport_year_ctl_id=12380&stats_player_seq=1094916	true	""	0	0	0	0	0	0	0	0	1	0	0	0	0	0	0	0	0	0	0	0	0	0	0	0	0
4005239	0	1534083	Cox, Ben	http://stats.ncaa.org/player?game_sport_year_ctl_id=12380&stats_player_seq=1534083	true	""	0	0	0	0	0	0	0	4	0	3	0	0	1	30	0	0	0	0	0	0	0	0	0	0	0
4005239	0	1765726	Davis, Braiden	http://stats.ncaa.org/player?game_sport_year_ctl_id=12380&stats_player_seq=1765726	true	""	2	0	2	4	2	1	0	4	0	1	0	0	1	60	0	0	0	0	0	0	0	0	0	0	0
4005239	0	1765727	Dupuis, Nick	http://stats.ncaa.org/player?game_sport_year_ctl_id=12380&stats_player_seq=1765727	true	""	0	0	0	0	0	0	0	0	0	0	0	0	0	0	0	0	0	0	0	0	0	0	0	0	0
4005239	0	1655098	Gudas, Matt	http://stats.ncaa.org/player?game_sport_year_ctl_id=12380&stats_player_seq=1655098	true	""	0	0	0	0	0	0	0	3	2	0	0	0	0	0	0	0	0	0	0	0	0	0	0	0	0
4005239	0	1655100	LeBlanc, Luc	http://stats.ncaa.org/player?game_sport_year_ctl_id=12380&stats_player_seq=1655100	true	""	0	0	0	1	0	0	0	3	0	0	17	31	0	0	0	0	0	0	0	0	0	0	0	0	0
4005239	0	1435717	Linde-Elmhirst, Henry	http://stats.ncaa.org/player?game_sport_year_ctl_id=12380&stats_player_seq=1435717	true	""	0	0	0	0	0	0	0	4	1	0	0	0	3	150	0	0	0	0	0	0	0	0	0	0	0
4005239	0	1435718	Pendleton, Blake	http://stats.ncaa.org/player?game_sport_year_ctl_id=12380&stats_player_seq=1435718	true	""	0	0	0	0	0	0	0	0	2	0	0	0	0	0	0	0	0	0	0	0	0	0	0	0	0
4005239	0	1655107	Van Ryn, Connor	http://stats.ncaa.org/player?game_sport_year_ctl_id=12380&stats_player_seq=1655107	true	""	0	0	0	0	0	0	0	1	1	1	0	0	0	0	0	0	0	0	0	0	0	0	0	0	0
4005239	0	1534081	Weller, Karl	http://stats.ncaa.org/player?game_sport_year_ctl_id=12380&stats_player_seq=1534081	true	""	1	0	1	2	1	0	0	3	0	1	0	0	0	0	0	0	0	0	0	0	0	0	0	0	0
4005239	0		TEAM		true	""	0	0	0	0	0	0	0	0	0	0	0	0	0	0	0	0	0	0	0	0	0	0	0	0	0
4005239	0		Totals		true	""	16	5	21	56	35	3	0	52	14	12	18	35	10	480	3	17	8	0	0	0	0	0	16	17	0
4005239	1	1754560	Applegate, Eric	http://stats.ncaa.org/player?game_sport_year_ctl_id=12380&stats_player_seq=1754560	true	M	2	1	3	6	2	1	0	0	0	0	0	0	0	0	0	0	0	0	0	0	0	0	0	0	0
4005239	1	1424747	Bannister, Ray	http://stats.ncaa.org/player?game_sport_year_ctl_id=12380&stats_player_seq=1424747	true	D	1	0	1	1	1	0	0	1	0	0	0	0	1	60	0	0	0	0	0	0	0	0	0	0	0
4005239	1	1424669	Cannon, Scott	http://stats.ncaa.org/player?game_sport_year_ctl_id=12380&stats_player_seq=1424669	true	D	0	0	0	1	1	0	0	0	1	0	0	0	1	60	0	0	0	0	0	0	0	0	0	0	0
4005239	1	1765723	Ewert, Shawn	http://stats.ncaa.org/player?game_sport_year_ctl_id=12380&stats_player_seq=1765723	true	A	3	2	5	3	3	1	0	4	2	1	0	0	0	0	0	0	0	0	0	0	0	0	0	0	0
4005239	1	1754574	Ford, Chase	http://stats.ncaa.org/player?game_sport_year_ctl_id=12380&stats_player_seq=1754574	true	A	1	2	3	5	2	0	0	0	0	0	0	0	0	0	0	0	0	0	0	0	0	0	0	0	0
4005239	1	1655887	Gleichenhaus, Ben	http://stats.ncaa.org/player?game_sport_year_ctl_id=12380&stats_player_seq=1655887	true	GK	0	0	0	0	0	0	0	8	1	0	0	0	0	0	3	16	19	1	0	0	0	0	0	0	0
4005239	1	1528601	Graham, Doran	http://stats.ncaa.org/player?game_sport_year_ctl_id=12380&stats_player_seq=1528601	true	A	2	1	3	2	2	0	0	0	0	1	0	0	0	0	0	0	0	0	0	0	0	0	0	0	0
4005239	1	1424636	Miller, Chase	http://stats.ncaa.org/player?game_sport_year_ctl_id=12380&stats_player_seq=1424636	true	M	0	0	0	1	0	0	0	2	2	1	0	0	1	60	0	0	0	0	0	0	0	0	0	0	0
4005239	1	1424628	Rohlin, Dakota	http://stats.ncaa.org/player?game_sport_year_ctl_id=12380&stats_player_seq=1424628	true	M	1	2	3	6	2	0	0	1	1	0	0	0	0	0	0	0	0	0	0	0	0	0	0	0	0
4005239	1	1528603	Thurmond, E.J.	http://stats.ncaa.org/player?game_sport_year_ctl_id=12380&stats_player_seq=1528603	true	D	0	0	0	0	0	0	0	1	0	0	0	0	1	60	0	0	0	0	0	0	0	0	0	0	0
4005239	1	1655877	Beville, Ryan	http://stats.ncaa.org/player?game_sport_year_ctl_id=12380&stats_player_seq=1655877	true	""	0	0	0	0	0	0	0	0	2	0	0	0	0	0	0	0	0	0	0	0	0	0	0	0	0
4005239	1	1528613	Charles, Brady	http://stats.ncaa.org/player?game_sport_year_ctl_id=12380&stats_player_seq=1528613	true	""	0	0	0	0	0	0	0	0	0	0	0	0	0	0	0	0	0	0	0	0	0	0	0	0	0
4005239	1	1424715	Collins, Austin	http://stats.ncaa.org/player?game_sport_year_ctl_id=12380&stats_player_seq=1424715	true	""	0	0	0	0	0	0	0	0	0	0	0	0	0	0	0	0	0	0	0	0	0	0	0	0	0
4005239	1	1655882	Forbes, Hunter	http://stats.ncaa.org/player?game_sport_year_ctl_id=12380&stats_player_seq=1655882	true	""	0	0	0	1	0	0	0	7	2	0	17	35	0	0	0	0	0	0	0	0	0	0	0	0	0
4005239	1	1424750	Harding, Jet	http://stats.ncaa.org/player?game_sport_year_ctl_id=12380&stats_player_seq=1424750	true	""	2	0	2	2	2	0	0	5	2	0	0	0	1	60	0	0	0	0	0	0	0	0	0	0	0
4005239	1	1754564	Joe, Corey	http://stats.ncaa.org/player?game_sport_year_ctl_id=12380&stats_player_seq=1754564	true	""	0	0	0	0	0	0	0	1	0	1	0	0	1	30	0	0	0	0	0	0	0	0	0	0	0
4005239	1	1754561	Jollow, Aaron	http://stats.ncaa.org/player?game_sport_year_ctl_id=12380&stats_player_seq=1754561	true	""	0	0	0	0	0	0	0	0	0	0	0	0	0	0	0	0	0	0	0	0	0	0	0	0	0
4005239	1	1528604	Milanes, Fernando	http://stats.ncaa.org/player?game_sport_year_ctl_id=12380&stats_player_seq=1528604	true	""	1	0	1	4	4	0	0	2	0	0	0	0	0	0	0	0	0	0	0	0	0	0	0	0	0
4005239	1	1754572	Tyler, Evan	http://stats.ncaa.org/player?game_sport_year_ctl_id=12380&stats_player_seq=1754572	true	""	3	1	4	5	5	0	0	4	1	1	0	0	1	60	0	0	0	0	0	0	0	0	0	0	0
4005239	1	1754571	Wharton, Colin	http://stats.ncaa.org/player?game_sport_year_ctl_id=12380&stats_player_seq=1754571	true	""	0	0	0	0	0	0	0	0	1	0	0	0	0	0	0	0	0	0	0	0	0	0	0	0	0
4005239	1	1754562	York, Chase	http://stats.ncaa.org/player?game_sport_year_ctl_id=12380&stats_player_seq=1754562	true	""	1	0	1	1	1	0	0	3	1	0	0	0	0	0	0	0	0	0	0	0	0	0	0	0	0
4005239	1		TEAM		true	""	0	0	0	0	0	0	0	1	2	1	0	0	0	0	0	0	0	0	0	0	0	0	0	0	0
4005239	1		Totals		true	""	17	9	26	38	25	2	0	40	18	6	17	35	7	390	3	16	19	0	0	0	0	0	16	22	0
4003824	0	1751554	Colaneri, Chris	http://stats.ncaa.org/player?game_sport_year_ctl_id=12380&stats_player_seq=1751554	true	A	1	2	3	2	1	0	0	2	0	1	0	0	0	0	0	0	0	0	0	0	0	0	0	0	0
4003824	0	1751555	Conte, Elijah	http://stats.ncaa.org/player?game_sport_year_ctl_id=12380&stats_player_seq=1751555	true	D	0	0	0	0	0	0	0	2	0	1	0	0	0	0	0	0	0	0	0	0	0	0	0	0	0
4003824	0	1751556	Disanzo, Anthony	http://stats.ncaa.org/player?game_sport_year_ctl_id=12380&stats_player_seq=1751556	true	M	0	0	0	0	0	0	0	0	1	0	0	0	0	0	0	0	0	0	0	0	0	0	0	0	0
4003824	0	1751558	Eisele, Joe	http://stats.ncaa.org/player?game_sport_year_ctl_id=12380&stats_player_seq=1751558	true	A	1	1	2	5	5	0	0	2	2	0	0	0	0	0	0	0	0	0	0	0	0	0	0	0	0
4003824	0	1751559	Ferrigan, Parker	http://stats.ncaa.org/player?game_sport_year_ctl_id=12380&stats_player_seq=1751559	true	GK	0	0	0	0	0	0	0	0	0	0	0	0	0	0	2	10	5	0	1	0	0	0	0	0	0
4003824	0	1527666	Finigan, Jackson	http://stats.ncaa.org/player?game_sport_year_ctl_id=12380&stats_player_seq=1527666	true	M	0	0	0	3	3	0	0	2	0	0	0	0	0	0	0	0	0	0	0	0	0	0	0	0	0
4003824	0	1639464	Lalley, Connor	http://stats.ncaa.org/player?game_sport_year_ctl_id=12380&stats_player_seq=1639464	true	D	0	0	0	0	0	0	0	0	0	1	0	0	3	180	0	0	0	0	0	0	0	0	0	0	0
4003824	0	1527671	Major, Paul	http://stats.ncaa.org/player?game_sport_year_ctl_id=12380&stats_player_seq=1527671	true	A	2	1	3	9	3	0	0	2	1	0	0	0	0	0	0	0	0	0	0	0	0	0	0	0	0
4003824	0	1527674	Olbrich, Matt	http://stats.ncaa.org/player?game_sport_year_ctl_id=12380&stats_player_seq=1527674	true	M	0	0	0	2	0	0	0	3	1	0	0	0	0	0	0	0	0	0	0	0	0	0	0	0	0
4003824	0	1527679	Scott, Carson	http://stats.ncaa.org/player?game_sport_year_ctl_id=12380&stats_player_seq=1527679	true	D	0	0	0	0	0	0	0	0	0	2	0	0	0	0	0	0	0	0	0	0	0	0	0	0	0
4003824	0	1639463	Brunner, Alex	http://stats.ncaa.org/player?game_sport_year_ctl_id=12380&stats_player_seq=1639463	true	""	0	0	0	0	0	0	0	0	0	0	0	0	0	0	0	0	0	0	0	0	0	0	0	0	0
4003824	0	1425441	DeLargy, Steve	http://stats.ncaa.org/player?game_sport_year_ctl_id=12380&stats_player_seq=1425441	true	""	0	0	0	4	1	0	0	0	2	0	0	0	0	0	0	0	0	0	0	0	0	0	0	0	0
4003824	0	1639476	DiSimone, Dean	http://stats.ncaa.org/player?game_sport_year_ctl_id=12380&stats_player_seq=1639476	true	""	0	0	0	0	0	0	0	0	0	0	0	0	0	0	0	0	0	0	0	0	0	0	0	0	0
4003824	0	1425444	Frisina, Connor	http://stats.ncaa.org/player?game_sport_year_ctl_id=12380&stats_player_seq=1425444	true	""	0	0	0	0	0	0	0	0	0	0	0	0	0	0	0	0	0	0	0	0	0	0	0	0	0
4003824	0	1639472	Handlan, Mike	http://stats.ncaa.org/player?game_sport_year_ctl_id=12380&stats_player_seq=1639472	true	""	0	0	0	1	0	0	0	0	0	0	0	0	0	0	0	0	0	0	0	0	0	0	0	0	0
4003824	0	1751561	Haynes, Austin	http://stats.ncaa.org/player?game_sport_year_ctl_id=12380&stats_player_seq=1751561	true	""	0	0	0	0	0	0	0	3	1	3	0	0	0	0	0	0	0	0	0	0	0	0	0	0	0
4003824	0	1751562	Hervada, Jake	http://stats.ncaa.org/player?game_sport_year_ctl_id=12380&stats_player_seq=1751562	true	""	0	0	0	0	0	0	0	3	1	0	6	14	0	0	0	0	0	0	0	0	0	0	0	0	0
4003824	0	1527668	Hirschmann, Will	http://stats.ncaa.org/player?game_sport_year_ctl_id=12380&stats_player_seq=1527668	true	""	0	0	0	2	1	0	0	0	1	0	0	0	0	0	0	0	0	0	0	0	0	0	0	0	0
4003824	0	1527670	Lyons, Tim	http://stats.ncaa.org/player?game_sport_year_ctl_id=12380&stats_player_seq=1527670	true	""	0	0	0	0	0	0	0	1	0	0	0	0	0	0	0	0	0	0	0	0	0	0	0	0	0
4003824	0	1432504	O'Connor, John	http://stats.ncaa.org/player?game_sport_year_ctl_id=12380&stats_player_seq=1432504	true	""	1	0	1	1	1	0	0	2	0	1	0	0	0	0	0	0	0	0	0	0	0	0	0	0	0
4003824	0	1425462	Peaks, Conor	http://stats.ncaa.org/player?game_sport_year_ctl_id=12380&stats_player_seq=1425462	true	""	0	0	0	0	0	0	0	1	0	0	0	0	0	0	1	3	3	0	0	0	0	0	0	0	0
4003824	0	1527675	Pea, Phil	http://stats.ncaa.org/player?game_sport_year_ctl_id=12380&stats_player_seq=1527675	true	""	0	0	0	1	0	0	0	0	0	0	0	0	1	60	0	0	0	0	0	0	0	0	0	0	0
4003824	0	1751569	Romagnoli, Andrew	http://stats.ncaa.org/player?game_sport_year_ctl_id=12380&stats_player_seq=1751569	true	""	0	1	1	0	0	0	0	0	0	0	0	0	0	0	0	0	0	0	0	0	0	0	0	0	0
4003824	0	1751570	Romagnoli, JT	http://stats.ncaa.org/player?game_sport_year_ctl_id=12380&stats_player_seq=1751570	true	""	0	0	0	0	0	0	0	1	0	0	0	5	0	0	0	0	0	0	0	0	0	0	0	0	0
4003824	0	1751576	Walsh, Sam	http://stats.ncaa.org/player?game_sport_year_ctl_id=12380&stats_player_seq=1751576	true	""	0	0	0	0	0	0	0	0	0	0	1	3	0	0	0	0	0	0	0	0	0	0	0	0	0
4003824	0	1527684	Yoviene, Tommy	http://stats.ncaa.org/player?game_sport_year_ctl_id=12380&stats_player_seq=1527684	true	""	0	0	0	0	0	0	0	1	0	1	0	0	0	0	0	0	0	0	0	0	0	0	0	0	0
4003824	0		TEAM		true	""	0	0	0	0	0	0	0	0	1	0	0	0	0	0	0	0	0	0	0	0	0	0	0	0	0
4003824	0		Totals		true	""	5	5	10	30	15	0	0	25	11	10	7	22	4	240	3	13	8	0	0	0	0	0	11	14	0
4003824	1	1758291	Borgognone, Benny	http://stats.ncaa.org/player?game_sport_year_ctl_id=12380&stats_player_seq=1758291	true	D	0	0	0	0	0	0	0	1	0	1	0	0	0	0	0	0	0	0	0	0	0	0	0	0	0
4003824	1	1423917	Doyle, Sean	http://stats.ncaa.org/player?game_sport_year_ctl_id=12380&stats_player_seq=1423917	true	A	2	1	3	3	3	1	0	0	1	0	0	0	0	0	0	0	0	0	0	0	0	0	0	0	0
4003824	1	1423920	Flibotte, Thomas	http://stats.ncaa.org/player?game_sport_year_ctl_id=12380&stats_player_seq=1423920	true	M	2	0	2	8	5	0	0	1	1	0	0	0	0	0	0	0	0	0	0	0	0	0	0	0	0
4003824	1	1758297	Klipstein, Christian	http://stats.ncaa.org/player?game_sport_year_ctl_id=12380&stats_player_seq=1758297	true	G	0	0	0	0	0	0	0	0	1	0	0	0	0	0	3	5	10	1	0	0	0	0	0	0	0
4003824	1	1423924	Monfort, Eric	http://stats.ncaa.org/player?game_sport_year_ctl_id=12380&stats_player_seq=1423924	true	D	0	0	0	0	0	0	0	1	0	0	0	0	0	0	0	0	0	0	0	0	0	0	0	0	0
4003824	1	1528311	O'Connor, Tommy	http://stats.ncaa.org/player?game_sport_year_ctl_id=12380&stats_player_seq=1528311	true	M	1	1	2	4	3	0	0	1	0	1	0	0	0	0	0	0	0	0	0	0	0	0	0	0	0
4003824	1	1653784	O'Hara, Connor	http://stats.ncaa.org/player?game_sport_year_ctl_id=12380&stats_player_seq=1653784	true	A	3	0	3	5	3	1	0	0	1	0	0	0	2	90	0	0	0	0	0	0	0	0	0	0	0
4003824	1	1653781	Sands, Will	http://stats.ncaa.org/player?game_sport_year_ctl_id=12380&stats_player_seq=1653781	true	A	3	2	5	7	5	0	0	4	2	1	0	0	0	0	0	0	0	0	0	0	0	0	0	0	0
4003824	1	1528312	Schiappa, Mike	http://stats.ncaa.org/player?game_sport_year_ctl_id=12380&stats_player_seq=1528312	true	D	0	0	0	0	0	0	0	1	1	0	0	0	0	0	0	0	0	0	0	0	0	0	0	0	0
4003824	1	1423926	Shanahan, Kyle	http://stats.ncaa.org/player?game_sport_year_ctl_id=12380&stats_player_seq=1423926	true	M	1	0	1	4	1	0	0	0	1	0	0	0	0	0	0	0	0	0	0	0	0	0	0	0	0
4003824	1	1528296	Adelman, Mike	http://stats.ncaa.org/player?game_sport_year_ctl_id=12380&stats_player_seq=1528296	true	""	0	0	0	0	0	0	0	0	0	0	0	0	0	0	0	0	0	0	0	0	0	0	0	0	0
4003824	1	1528300	Collison, Quinn	http://stats.ncaa.org/player?game_sport_year_ctl_id=12380&stats_player_seq=1528300	true	""	0	0	0	0	0	0	0	0	0	0	0	0	0	0	0	0	0	0	0	0	0	0	0	0	0
4003824	1	1653779	Dunlop, Jake	http://stats.ncaa.org/player?game_sport_year_ctl_id=12380&stats_player_seq=1653779	true	""	0	0	0	0	0	0	0	0	0	0	0	1	0	0	0	0	0	0	0	0	0	0	0	0	0
4003824	1	1423919	Fee, Shane	http://stats.ncaa.org/player?game_sport_year_ctl_id=12380&stats_player_seq=1423919	true	""	0	0	0	0	0	0	0	1	0	0	0	0	0	0	0	0	0	0	0	0	0	0	0	0	0
4003824	1	1423921	Ghelfi, Brock	http://stats.ncaa.org/player?game_sport_year_ctl_id=12380&stats_player_seq=1423921	true	""	0	0	0	0	0	0	0	2	1	0	0	0	0	0	0	0	0	0	0	0	0	0	0	0	0
4003824	1	1653783	Gilray, Matt	http://stats.ncaa.org/player?game_sport_year_ctl_id=12380&stats_player_seq=1653783	true	""	0	3	3	1	0	0	0	6	2	1	0	0	0	0	0	0	0	0	0	0	0	0	0	0	0
4003824	1	1528304	Helm, Grayson	http://stats.ncaa.org/player?game_sport_year_ctl_id=12380&stats_player_seq=1528304	true	""	0	0	0	0	0	0	0	2	0	0	0	0	0	0	0	0	0	0	0	0	0	0	0	0	0
4003824	1	1758299	Malas, Reed	http://stats.ncaa.org/player?game_sport_year_ctl_id=12380&stats_player_seq=1758299	true	""	0	0	0	0	0	0	0	1	2	0	0	0	0	0	0	0	0	0	0	0	0	0	0	0	0
4003824	1	1653772	O'Brien, Sean	http://stats.ncaa.org/player?game_sport_year_ctl_id=12380&stats_player_seq=1653772	true	""	1	0	1	2	1	0	0	0	1	0	0	0	0	0	0	0	0	0	0	0	0	0	0	0	0
4003824	1	1653775	Repko, Duke	http://stats.ncaa.org/player?game_sport_year_ctl_id=12380&stats_player_seq=1653775	true	""	0	0	0	0	0	0	0	1	1	0	0	0	0	0	0	0	0	0	0	0	0	0	0	0	0
4003824	1	1423927	Spring, Alex	http://stats.ncaa.org/player?game_sport_year_ctl_id=12380&stats_player_seq=1423927	true	""	0	0	0	0	0	0	0	4	0	0	0	0	0	0	0	0	0	0	0	0	0	0	0	0	0
4003824	1	1758302	Witzal, Jarett	http://stats.ncaa.org/player?game_sport_year_ctl_id=12380&stats_player_seq=1758302	true	""	0	0	0	0	0	0	0	3	1	0	15	21	0	0	0	0	0	0	0	0	0	0	0	0	0
4003824	1		TEAM		true	""	0	0	0	0	0	0	0	0	3	0	0	0	0	0	0	0	0	0	0	0	0	0	0	0	0
4003824	1		Totals		true	""	13	7	20	34	21	2	0	29	19	4	15	22	2	90	3	5	10	0	0	0	0	0	14	19	0
4005111	0	1547444	Assaraf, Keenan	http://stats.ncaa.org/player?game_sport_year_ctl_id=12380&stats_player_seq=1547444	true	M	0	0	0	0	0	0	0	1	4	1	0	0	0	0	0	0	0	0	0	0	0	0	0	0	0
4005111	0	1644574	Barclay, James	http://stats.ncaa.org/player?game_sport_year_ctl_id=12380&stats_player_seq=1644574	true	D	0	0	0	0	0	0	0	2	1	1	0	0	2	90	0	0	0	0	0	0	0	0	0	0	0
4005111	0	1756732	Boyce, Tate	http://stats.ncaa.org/player?game_sport_year_ctl_id=12380&stats_player_seq=1756732	true	GK	0	0	0	0	0	0	0	3	3	1	0	0	0	0	3	9	12	0	1	0	0	0	0	0	0
4005111	0	1547440	Cunningham, Jimmy	http://stats.ncaa.org/player?game_sport_year_ctl_id=12380&stats_player_seq=1547440	true	D	0	0	0	0	0	0	0	3	0	1	0	0	0	0	0	0	0	0	0	0	0	0	0	0	0
4005111	0	1756730	Kearns, Brendan	http://stats.ncaa.org/player?game_sport_year_ctl_id=12380&stats_player_seq=1756730	true	A	1	1	2	4	3	0	0	1	2	0	0	0	2	60	0	0	0	0	0	0	0	0	0	0	0
4005111	0	1644586	Keller, Joshua	http://stats.ncaa.org/player?game_sport_year_ctl_id=12380&stats_player_seq=1644586	true	M	0	0	0	3	3	0	0	1	3	0	0	0	0	0	0	0	0	0	0	0	0	0	0	0	0
4005111	0	1644588	Mazzone, Will	http://stats.ncaa.org/player?game_sport_year_ctl_id=12380&stats_player_seq=1644588	true	A	2	1	3	2	2	0	0	3	2	2	0	0	0	0	0	0	0	0	0	0	0	0	0	0	0
4005111	0	1756731	McHale, Joseph	http://stats.ncaa.org/player?game_sport_year_ctl_id=12380&stats_player_seq=1756731	true	M	0	1	1	1	0	0	0	1	3	0	0	0	0	0	0	0	0	0	0	0	0	0	0	0	0
4005111	0	1547432	Neumann, Jarrod	http://stats.ncaa.org/player?game_sport_year_ctl_id=12380&stats_player_seq=1547432	true	D	0	0	0	0	0	0	0	1	0	1	1	8	0	0	0	0	0	0	0	0	0	0	0	0	0
4005111	0	1547437	Schaffer, Ryan	http://stats.ncaa.org/player?game_sport_year_ctl_id=12380&stats_player_seq=1547437	true	A	2	0	2	6	3	0	0	1	4	0	0	0	0	0	0	0	0	0	0	0	0	0	0	0	0
4005111	0	1644576	Byrne, Conner	http://stats.ncaa.org/player?game_sport_year_ctl_id=12380&stats_player_seq=1644576	true	""	0	0	0	0	0	0	0	2	0	0	0	0	1	60	0	0	0	0	0	0	0	0	0	0	0
4005111	0	1644577	Carbone, Micky	http://stats.ncaa.org/player?game_sport_year_ctl_id=12380&stats_player_seq=1644577	true	""	0	0	0	0	0	0	0	0	0	0	0	0	0	0	0	0	0	0	0	0	0	0	0	0	0
4005111	0	1644578	Cook, Jake	http://stats.ncaa.org/player?game_sport_year_ctl_id=12380&stats_player_seq=1644578	true	""	0	0	0	1	0	0	0	0	1	0	0	0	0	0	0	0	0	0	0	0	0	0	0	0	0
4005111	0	1547454	Fillet, Nolan	http://stats.ncaa.org/player?game_sport_year_ctl_id=12380&stats_player_seq=1547454	true	""	0	1	1	1	0	0	0	1	1	0	0	0	0	0	0	0	0	0	0	0	0	0	0	0	0
4005111	0	1644581	Gordon, Mackenzie	http://stats.ncaa.org/player?game_sport_year_ctl_id=12380&stats_player_seq=1644581	true	""	0	0	0	0	0	0	0	0	0	0	0	0	0	0	0	0	0	0	0	0	0	0	0	0	0
4005111	0	1644582	Grey, Ian	http://stats.ncaa.org/player?game_sport_year_ctl_id=12380&stats_player_seq=1644582	true	""	0	0	0	0	0	0	0	3	0	2	0	0	0	0	0	0	0	0	0	0	0	0	0	0	0
4005111	0	1547445	Hilton, Conor	http://stats.ncaa.org/player?game_sport_year_ctl_id=12380&stats_player_seq=1547445	true	""	0	0	0	0	0	0	0	1	0	0	0	0	0	0	0	0	0	0	0	0	0	0	0	0	0
4005111	0	1756729	McGinnis, Duncan	http://stats.ncaa.org/player?game_sport_year_ctl_id=12380&stats_player_seq=1756729	true	""	0	0	0	0	0	0	0	0	0	0	0	0	0	0	0	0	0	0	0	0	0	0	0	0	0
4005111	0	1547451	McKendry, Colin	http://stats.ncaa.org/player?game_sport_year_ctl_id=12380&stats_player_seq=1547451	true	""	0	0	0	0	0	0	0	0	0	0	0	5	0	0	0	0	0	0	0	0	0	0	0	0	0
4005111	0	1644589	Perettine, Michael	http://stats.ncaa.org/player?game_sport_year_ctl_id=12380&stats_player_seq=1644589	true	""	0	0	0	1	0	0	0	2	2	0	0	0	0	0	0	0	0	0	0	0	0	0	0	0	0
4005111	0	1644590	Preston, Nick	http://stats.ncaa.org/player?game_sport_year_ctl_id=12380&stats_player_seq=1644590	true	""	0	0	0	0	0	0	0	0	0	0	0	0	0	0	0	0	0	0	0	0	0	0	0	0	0
4005111	0	1756737	Procopio, David	http://stats.ncaa.org/player?game_sport_year_ctl_id=12380&stats_player_seq=1756737	true	""	0	0	0	0	0	0	0	2	1	0	1	5	0	0	0	0	0	0	0	0	0	0	0	0	0
4005111	0	1644591	Sperzel, DJ	http://stats.ncaa.org/player?game_sport_year_ctl_id=12380&stats_player_seq=1644591	true	""	0	0	0	0	0	0	0	0	0	0	0	0	0	0	0	0	0	0	0	0	0	0	0	0	0
4005111	0		Team		true	""	0	0	0	0	0	0	0	0	0	0	0	0	0	0	0	0	0	0	0	0	0	0	0	0	0
4005111	0		Totals		true	""	5	4	9	19	11	0	0	28	27	9	2	18	5	210	3	9	12	0	0	0	0	0	21	27	0
4005111	1	1765583	Burr, James	http://stats.ncaa.org/player?game_sport_year_ctl_id=12380&stats_player_seq=1765583	true	A	2	1	3	6	4	0	0	1	1	0	0	0	0	0	0	0	0	0	0	0	0	0	0	0	0
4005111	1	1547670	Calisto, Dominick	http://stats.ncaa.org/player?game_sport_year_ctl_id=12380&stats_player_seq=1547670	true	D	0	0	0	0	0	0	0	2	0	2	0	0	1	60	0	0	0	0	0	0	0	0	0	0	0
4005111	1	1547640	Carson-Banister, Christian	http://stats.ncaa.org/player?game_sport_year_ctl_id=12380&stats_player_seq=1547640	true	GK	0	0	0	0	0	0	0	3	1	0	0	0	0	0	3	5	6	1	0	0	0	0	0	0	0
4005111	1	1547631	Dearth, Cal	http://stats.ncaa.org/player?game_sport_year_ctl_id=12380&stats_player_seq=1547631	true	M	0	1	1	5	2	0	0	0	4	1	0	0	0	0	0	0	0	0	0	0	0	0	0	0	0
4005111	1	1765588	Germain, Quintin	http://stats.ncaa.org/player?game_sport_year_ctl_id=12380&stats_player_seq=1765588	true	D	0	0	0	0	0	0	0	1	0	2	0	0	0	0	0	0	0	0	0	0	0	0	0	0	0
4005111	1	1657875	Hilburn, Ryan	http://stats.ncaa.org/player?game_sport_year_ctl_id=12380&stats_player_seq=1657875	true	A	1	1	2	3	1	1	0	1	0	0	0	0	0	0	0	0	0	0	0	0	0	0	0	0	0
4005111	1	1765584	Homire, Brendan	http://stats.ncaa.org/player?game_sport_year_ctl_id=12380&stats_player_seq=1765584	true	M	0	1	1	4	1	0	0	0	1	1	0	0	0	0	0	0	0	0	0	0	0	0	0	0	0
4005111	1	1547658	Pincus, Cam	http://stats.ncaa.org/player?game_sport_year_ctl_id=12380&stats_player_seq=1547658	true	D	0	0	0	2	0	0	0	3	2	2	0	0	0	0	0	0	0	0	0	0	0	0	0	0	0
4005111	1	1547639	Schaal, Adam	http://stats.ncaa.org/player?game_sport_year_ctl_id=12380&stats_player_seq=1547639	true	M	0	0	0	1	0	0	0	1	1	0	0	0	0	0	0	0	0	0	0	0	0	0	0	0	0
4005111	1	1657866	Wilson, Jack	http://stats.ncaa.org/player?game_sport_year_ctl_id=12380&stats_player_seq=1657866	true	A	2	1	3	10	4	0	0	2	1	0	0	0	0	0	0	0	0	0	0	0	0	0	0	0	0
4005111	1	1657877	Beall, Jack	http://stats.ncaa.org/player?game_sport_year_ctl_id=12380&stats_player_seq=1657877	true	""	0	0	0	0	0	0	0	2	0	1	0	0	0	0	0	0	0	0	0	0	0	0	0	0	0
4005111	1	1547632	Bell, Chad	http://stats.ncaa.org/player?game_sport_year_ctl_id=12380&stats_player_seq=1547632	true	""	0	0	0	0	0	0	0	0	0	0	0	0	0	0	0	0	0	0	0	0	0	0	0	0	0
4005111	1	1547661	Donnelly, Patrick	http://stats.ncaa.org/player?game_sport_year_ctl_id=12380&stats_player_seq=1547661	true	""	0	0	0	0	0	0	0	0	0	0	0	0	0	0	0	0	0	0	0	0	0	0	0	0	0
4005111	1	1547676	Johnston, Ryan	http://stats.ncaa.org/player?game_sport_year_ctl_id=12380&stats_player_seq=1547676	true	""	1	0	1	1	1	1	0	0	0	0	0	0	0	0	0	0	0	0	0	0	0	0	0	0	0
4005111	1	1765585	Lappin, Christopher	http://stats.ncaa.org/player?game_sport_year_ctl_id=12380&stats_player_seq=1765585	true	""	0	0	0	0	0	0	0	0	0	0	0	0	0	0	0	0	0	0	0	0	0	0	0	0	0
4005111	1	1765587	Laviano, Michael	http://stats.ncaa.org/player?game_sport_year_ctl_id=12380&stats_player_seq=1765587	true	""	0	0	0	0	0	0	0	1	1	0	0	0	0	0	0	0	0	0	0	0	0	0	0	0	0
4005111	1	1547663	Lee, Henry	http://stats.ncaa.org/player?game_sport_year_ctl_id=12380&stats_player_seq=1547663	true	""	0	0	0	3	0	0	0	1	0	0	0	0	0	0	0	0	0	0	0	0	0	0	0	0	0
4005111	1	1657876	Lipton, Isaac	http://stats.ncaa.org/player?game_sport_year_ctl_id=12380&stats_player_seq=1657876	true	""	0	0	0	0	0	0	0	0	0	0	0	0	0	0	0	0	0	0	0	0	0	0	0	0	0
4005111	1	1765589	Lukacs, Drew	http://stats.ncaa.org/player?game_sport_year_ctl_id=12380&stats_player_seq=1765589	true	""	1	0	1	1	1	0	0	0	0	0	0	0	0	0	0	0	0	0	0	0	0	0	0	0	0
4005111	1	1547633	Myers, Pat	http://stats.ncaa.org/player?game_sport_year_ctl_id=12380&stats_player_seq=1547633	true	""	0	0	0	2	1	0	0	2	1	0	0	0	0	0	0	0	0	0	0	0	0	0	0	0	0
4005111	1	1547629	Palms, Madison	http://stats.ncaa.org/player?game_sport_year_ctl_id=12380&stats_player_seq=1547629	true	""	0	0	0	0	0	0	0	0	0	0	0	0	0	0	0	0	0	0	0	0	0	0	0	0	0
4005111	1	1765586	Ruh, Tristan	http://stats.ncaa.org/player?game_sport_year_ctl_id=12380&stats_player_seq=1765586	true	""	0	0	0	0	0	0	0	1	0	1	0	0	0	0	0	0	0	0	0	0	0	0	0	0	0
4005111	1	1657878	Ruiz, Hayden	http://stats.ncaa.org/player?game_sport_year_ctl_id=12380&stats_player_seq=1657878	true	""	1	0	1	2	2	0	0	0	2	0	0	0	0	0	0	0	0	0	0	0	0	0	0	0	0
4005111	1	1547666	Talkow, Sam	http://stats.ncaa.org/player?game_sport_year_ctl_id=12380&stats_player_seq=1547666	true	""	1	1	2	3	2	0	0	12	2	0	16	18	2	120	0	0	0	0	0	0	0	0	0	0	0
4005111	1	1547675	Tenney, Sam	http://stats.ncaa.org/player?game_sport_year_ctl_id=12380&stats_player_seq=1547675	true	""	0	0	0	0	0	0	0	0	0	0	0	0	0	0	0	0	0	0	0	0	0	0	0	0	0
4005111	1	1657872	Winkoff, Allen	http://stats.ncaa.org/player?game_sport_year_ctl_id=12380&stats_player_seq=1657872	true	""	0	0	0	1	0	0	0	2	0	1	0	0	0	0	0	0	0	0	0	0	0	0	0	0	0
4005111	1	1547648	Wozniak, Greg	http://stats.ncaa.org/player?game_sport_year_ctl_id=12380&stats_player_seq=1547648	true	""	0	0	0	2	2	0	0	7	3	3	0	0	1	60	0	0	0	0	0	0	0	0	0	0	0
4005111	1	1547635	Zebrowski, Craig	http://stats.ncaa.org/player?game_sport_year_ctl_id=12380&stats_player_seq=1547635	true	""	0	0	0	0	0	0	0	1	1	3	0	0	0	0	0	0	0	0	0	0	0	0	0	0	0
4005111	1		TEAM		true	""	0	0	0	0	0	0	0	0	3	0	0	0	0	0	0	0	0	0	0	0	0	0	0	0	0
4005111	1		Totals		true	""	9	6	15	46	21	2	0	43	24	17	16	18	4	240	3	5	6	0	0	0	0	0	14	19	0
4005145	0	1652280	Baggett, Tyler	http://stats.ncaa.org/player?game_sport_year_ctl_id=12380&stats_player_seq=1652280	true	M	0	0	0	0	0	0	0	1	0	0	0	0	0	0	0	0	0	0	0	0	0	0	0	0	0
4005145	0	1652283	Bradway, Ryan	http://stats.ncaa.org/player?game_sport_year_ctl_id=12380&stats_player_seq=1652283	true	A	1	1	2	2	2	0	0	2	1	0	0	0	0	0	0	0	0	0	0	0	0	0	0	0	0
4005145	0	1652287	Brunje, Rich	http://stats.ncaa.org/player?game_sport_year_ctl_id=12380&stats_player_seq=1652287	true	D	0	0	0	0	0	0	0	1	0	0	0	0	0	0	0	0	0	0	0	0	0	0	0	0	0
4005145	0	1753036	Callaghan, Ryan	http://stats.ncaa.org/player?game_sport_year_ctl_id=12380&stats_player_seq=1753036	true	A	0	0	0	2	1	0	0	3	2	0	0	0	0	0	0	0	0	0	0	0	0	0	0	0	0
4005145	0	1753040	Darrow, Ryan	http://stats.ncaa.org/player?game_sport_year_ctl_id=12380&stats_player_seq=1753040	true	M	1	0	1	2	1	0	0	2	1	0	0	0	0	0	0	0	0	0	0	0	0	0	0	0	0
4005145	0	1753046	Falteisek, Kevin	http://stats.ncaa.org/player?game_sport_year_ctl_id=12380&stats_player_seq=1753046	true	D	0	0	0	0	0	0	0	2	0	1	0	0	2	120	0	0	0	0	0	0	0	0	0	0	0
4005145	0	1753050	Forster, Aaron	http://stats.ncaa.org/player?game_sport_year_ctl_id=12380&stats_player_seq=1753050	true	A	1	1	2	2	2	0	0	0	4	0	0	0	0	0	0	0	0	0	0	0	0	0	0	0	0
4005145	0	1652277	Lubin, Brent	http://stats.ncaa.org/player?game_sport_year_ctl_id=12380&stats_player_seq=1652277	true	D	0	0	0	0	0	0	0	0	0	0	0	0	0	0	0	0	0	0	0	0	0	0	0	0	0
4005145	0	1652290	Marzullo, Nick	http://stats.ncaa.org/player?game_sport_year_ctl_id=12380&stats_player_seq=1652290	true	G	0	0	0	0	0	0	0	2	1	2	0	0	0	0	2	20	10	0	1	0	0	0	0	0	0
4005145	0	1753041	Rice, Jesse	http://stats.ncaa.org/player?game_sport_year_ctl_id=12380&stats_player_seq=1753041	true	M	0	0	0	1	1	0	0	0	0	0	0	0	0	0	0	0	0	0	0	0	0	0	0	0	0
4005145	0	1753032	Almodiel, Darren	http://stats.ncaa.org/player?game_sport_year_ctl_id=12380&stats_player_seq=1753032	true	""	0	0	0	0	0	0	0	2	1	1	0	0	0	0	0	0	0	0	0	0	0	0	0	0	0
4005145	0	1652281	Bannon, Mark	http://stats.ncaa.org/player?game_sport_year_ctl_id=12380&stats_player_seq=1652281	true	""	0	0	0	0	0	0	0	0	0	1	0	0	0	0	0	0	0	0	0	0	0	0	0	0	0
4005145	0	1753035	Benton, Patrick	http://stats.ncaa.org/player?game_sport_year_ctl_id=12380&stats_player_seq=1753035	true	""	0	0	0	0	0	0	0	0	1	0	0	0	1	60	0	0	0	0	0	0	0	0	0	0	0
4005145	0	1753034	Brown, Matt	http://stats.ncaa.org/player?game_sport_year_ctl_id=12380&stats_player_seq=1753034	true	""	0	0	0	0	0	0	0	0	0	0	0	0	0	0	0	0	0	0	0	0	0	0	0	0	0
4005145	0	1753045	Cechini, Matt	http://stats.ncaa.org/player?game_sport_year_ctl_id=12380&stats_player_seq=1753045	true	""	0	0	0	1	1	0	0	1	1	0	0	0	0	0	0	0	0	0	0	0	0	0	0	0	0
4005145	0	1753043	Cronk, Cameron	http://stats.ncaa.org/player?game_sport_year_ctl_id=12380&stats_player_seq=1753043	true	""	0	0	0	0	0	0	0	0	0	0	0	0	0	0	900	1	2	0	0	0	0	0	0	0	0
4005145	0	1753047	Goldstein, Brett	http://stats.ncaa.org/player?game_sport_year_ctl_id=12380&stats_player_seq=1753047	true	""	0	0	0	0	0	0	0	0	0	0	0	0	1	60	0	0	0	0	0	0	0	0	0	0	0
4005145	0	1652294	Lomeli, Joe	http://stats.ncaa.org/player?game_sport_year_ctl_id=12380&stats_player_seq=1652294	true	""	1	0	1	2	1	0	0	1	4	0	0	0	0	0	0	0	0	0	0	0	0	0	0	0	0
4005145	0	1753044	Mazurek, Jack	http://stats.ncaa.org/player?game_sport_year_ctl_id=12380&stats_player_seq=1753044	true	""	0	0	0	1	0	0	0	7	2	0	12	21	0	0	0	0	0	0	0	0	0	0	0	0	0
4005145	0	1753039	Metzker, Carson	http://stats.ncaa.org/player?game_sport_year_ctl_id=12380&stats_player_seq=1753039	true	""	0	0	0	0	0	0	0	0	0	0	2	5	1	30	0	0	0	0	0	0	0	0	0	0	0
4005145	0	1652282	Piggot, Sheldon	http://stats.ncaa.org/player?game_sport_year_ctl_id=12380&stats_player_seq=1652282	true	""	0	0	0	0	0	0	0	0	2	0	0	0	2	90	0	0	0	0	0	0	0	0	0	0	0
4005145	0	1753038	Stiers, Alex	http://stats.ncaa.org/player?game_sport_year_ctl_id=12380&stats_player_seq=1753038	true	""	0	0	0	0	0	0	0	1	0	0	0	0	0	0	0	0	0	0	0	0	0	0	0	0	0
4005145	0	1652289	Valdez, Matthew	http://stats.ncaa.org/player?game_sport_year_ctl_id=12380&stats_player_seq=1652289	true	""	0	0	0	1	1	0	0	1	0	0	0	0	0	0	0	0	0	0	0	0	0	0	0	0	0
4005145	0		TEAM		true	""	0	0	0	0	0	0	0	0	1	0	0	0	0	0	0	0	0	0	0	0	0	0	0	0	0
4005145	0		Totals		true	""	4	2	6	14	10	0	0	26	21	5	14	26	7	360	3	21	12	0	0	0	0	0	9	15	0
4005145	1	1415956	Eaton, Alex	http://stats.ncaa.org/player?game_sport_year_ctl_id=12380&stats_player_seq=1415956	true	M	4	2	6	7	6	2	0	2	0	0	0	0	0	0	0	0	0	0	0	0	0	0	0	0	0
4005145	1	1415958	Eidenshink, Casey	http://stats.ncaa.org/player?game_sport_year_ctl_id=12380&stats_player_seq=1415958	true	D	0	0	0	1	0	0	0	3	0	1	0	0	0	0	0	0	0	0	0	0	0	0	0	0	0
4005145	1	1534195	Kozel, Jason	http://stats.ncaa.org/player?game_sport_year_ctl_id=12380&stats_player_seq=1534195	true	D	0	0	0	1	0	0	0	0	1	1	0	0	0	0	0	0	0	0	0	0	0	0	0	0	0
4005145	1	1415952	Mastroianni, Ray	http://stats.ncaa.org/player?game_sport_year_ctl_id=12380&stats_player_seq=1415952	true	M	0	1	1	2	1	0	0	0	0	0	0	0	0	0	0	0	0	0	0	0	0	0	0	0	0
4005145	1	1753631	Rai, Tristan	http://stats.ncaa.org/player?game_sport_year_ctl_id=12380&stats_player_seq=1753631	true	A	5	0	5	5	5	2	0	1	1	0	0	0	0	0	0	0	0	0	0	0	0	0	0	0	0
4005145	1	1534201	Raposo, Matt	http://stats.ncaa.org/player?game_sport_year_ctl_id=12380&stats_player_seq=1534201	true	A	3	2	5	5	3	1	0	1	0	0	0	0	0	0	0	0	0	0	0	0	0	0	0	0	0
4005145	1	1641819	Sawicki, Adam	http://stats.ncaa.org/player?game_sport_year_ctl_id=12380&stats_player_seq=1641819	true	G	0	0	0	0	0	0	0	0	0	0	0	0	0	0	2	3	3	1	0	0	0	0	0	0	0
4005145	1	1753635	Spence, Lucas	http://stats.ncaa.org/player?game_sport_year_ctl_id=12380&stats_player_seq=1753635	true	M	1	0	1	3	1	0	0	0	1	0	0	0	0	0	0	0	0	0	0	0	0	0	0	0	0
4005145	1	1415963	Telesco, Tripp	http://stats.ncaa.org/player?game_sport_year_ctl_id=12380&stats_player_seq=1415963	true	D	0	0	0	0	0	0	0	2	0	3	0	0	0	0	0	0	0	0	0	0	0	0	0	0	0
4005145	1	1415955	Weber, Reid	http://stats.ncaa.org/player?game_sport_year_ctl_id=12380&stats_player_seq=1415955	true	A	2	2	4	6	6	0	0	1	0	1	0	0	1	60	0	0	0	0	0	0	0	0	0	0	0
4005145	1	1641805	Apers, Nolan	http://stats.ncaa.org/player?game_sport_year_ctl_id=12380&stats_player_seq=1641805	true	""	1	1	2	2	2	0	0	0	0	0	0	0	0	0	0	0	0	0	0	0	0	0	0	0	0
4005145	1	1415954	Appell, Chris	http://stats.ncaa.org/player?game_sport_year_ctl_id=12380&stats_player_seq=1415954	true	""	0	0	0	0	0	0	0	0	0	0	0	0	0	0	0	0	0	0	0	0	0	0	0	0	0
4005145	1	1753621	Bouhall, Eddie	http://stats.ncaa.org/player?game_sport_year_ctl_id=12380&stats_player_seq=1753621	true	""	0	0	0	0	0	0	0	1	0	1	0	0	1	30	0	0	0	0	0	0	0	0	0	0	0
4005145	1	1753622	Chick, Craig	http://stats.ncaa.org/player?game_sport_year_ctl_id=12380&stats_player_seq=1753622	true	""	0	0	0	1	1	0	0	4	1	4	0	0	0	0	0	0	0	0	0	0	0	0	0	0	0
4005145	1	1753623	Di Rienzo, Michael	http://stats.ncaa.org/player?game_sport_year_ctl_id=12380&stats_player_seq=1753623	true	""	0	0	0	0	0	0	0	0	0	0	0	0	0	0	0	0	0	0	0	0	0	0	0	0	0
4005145	1	1641807	Ernst, Matt	http://stats.ncaa.org/player?game_sport_year_ctl_id=12380&stats_player_seq=1641807	true	""	0	0	0	0	0	0	0	1	1	0	1	5	0	0	0	0	0	0	0	0	0	0	0	0	0
4005145	1	1753625	Fitzpatrick, Mickey	http://stats.ncaa.org/player?game_sport_year_ctl_id=12380&stats_player_seq=1753625	true	""	1	0	1	3	2	0	0	1	1	0	0	0	0	0	0	0	0	0	0	0	0	0	0	0	0
4005145	1	1641808	Foley, JJ	http://stats.ncaa.org/player?game_sport_year_ctl_id=12380&stats_player_seq=1641808	true	""	0	0	0	0	0	0	0	0	0	0	0	0	0	0	0	0	0	0	0	0	0	0	0	0	0
4005145	1	1641809	Fraboni, Nick	http://stats.ncaa.org/player?game_sport_year_ctl_id=12380&stats_player_seq=1641809	true	""	0	0	0	0	0	0	0	0	0	0	0	0	0	0	0	0	0	0	0	0	0	0	0	0	0
4005145	1	1753626	Gunn, William	http://stats.ncaa.org/player?game_sport_year_ctl_id=12380&stats_player_seq=1753626	true	""	0	1	1	0	0	0	0	0	0	0	0	0	0	0	0	0	0	0	0	0	0	0	0	0	0
4005145	1	1753628	Klobus, Jonathan	http://stats.ncaa.org/player?game_sport_year_ctl_id=12380&stats_player_seq=1753628	true	""	0	0	0	0	0	0	0	0	0	0	0	0	0	0	266	0	1	0	0	0	0	0	0	0	0
4005145	1	1534196	McAdam, Casey	http://stats.ncaa.org/player?game_sport_year_ctl_id=12380&stats_player_seq=1534196	true	""	0	0	0	0	0	0	0	6	1	1	11	21	0	0	0	0	0	0	0	0	0	0	0	0	0
4005145	1	1641811	Mehok, John	http://stats.ncaa.org/player?game_sport_year_ctl_id=12380&stats_player_seq=1641811	true	""	2	0	2	2	2	0	0	0	0	0	0	0	0	0	0	0	0	0	0	0	0	0	0	0	0
4005145	1	1753629	Monnin, Jackson	http://stats.ncaa.org/player?game_sport_year_ctl_id=12380&stats_player_seq=1753629	true	""	1	0	1	1	1	0	0	0	0	0	0	0	0	0	0	0	0	0	0	0	0	0	0	0	0
4005145	1	1641812	Norris, Danny	http://stats.ncaa.org/player?game_sport_year_ctl_id=12380&stats_player_seq=1641812	true	""	0	0	0	0	0	0	0	1	0	0	0	0	0	0	0	0	0	0	0	0	0	0	0	0	0
4005145	1	1534198	Oppenheimer, Billy	http://stats.ncaa.org/player?game_sport_year_ctl_id=12380&stats_player_seq=1534198	true	""	0	3	3	2	1	0	0	1	0	0	0	0	0	0	0	0	0	0	0	0	0	0	0	0	0
4005145	1	1753630	Pettit, Andrew	http://stats.ncaa.org/player?game_sport_year_ctl_id=12380&stats_player_seq=1753630	true	""	1	1	2	3	1	0	0	0	0	0	0	0	0	0	0	0	0	0	0	0	0	0	0	0	0
4005145	1	1534200	Ramaizel, Anthony	http://stats.ncaa.org/player?game_sport_year_ctl_id=12380&stats_player_seq=1534200	true	""	0	0	0	1	1	0	0	1	0	0	0	0	0	0	0	0	0	0	0	0	0	0	0	0	0
4005145	1	1753632	Rimol, Matt	http://stats.ncaa.org/player?game_sport_year_ctl_id=12380&stats_player_seq=1753632	true	""	0	0	0	0	0	0	0	0	0	0	0	0	0	0	0	0	0	0	0	0	0	0	0	0	0
4005145	1	1534202	Sammarro, Mike	http://stats.ncaa.org/player?game_sport_year_ctl_id=12380&stats_player_seq=1534202	true	""	0	0	0	0	0	0	0	1	0	1	0	0	0	0	0	0	0	0	0	0	0	0	0	0	0
4005145	1	1753633	Shearin, Sam	http://stats.ncaa.org/player?game_sport_year_ctl_id=12380&stats_player_seq=1753633	true	""	0	0	0	0	0	0	0	0	0	0	0	0	0	0	0	0	0	0	0	0	0	0	0	0	0
4005145	1	1753634	Shields, Ralph	http://stats.ncaa.org/player?game_sport_year_ctl_id=12380&stats_player_seq=1753634	true	""	0	0	0	0	0	0	0	0	0	0	0	0	0	0	0	0	0	0	0	0	0	0	0	0	0
4005145	1	1534203	Stires, Donny	http://stats.ncaa.org/player?game_sport_year_ctl_id=12380&stats_player_seq=1534203	true	""	0	0	0	0	0	0	0	1	1	0	0	0	0	0	1	1	2	0	0	0	0	0	0	0	0
4005145	1	1534204	Strain, Ian	http://stats.ncaa.org/player?game_sport_year_ctl_id=12380&stats_player_seq=1534204	true	""	0	0	0	1	0	0	0	3	0	0	0	0	0	0	0	0	0	0	0	0	0	0	0	0	0
4005145	1	1641815	Thompson, Brady	http://stats.ncaa.org/player?game_sport_year_ctl_id=12380&stats_player_seq=1641815	true	""	0	1	1	1	0	0	0	0	0	0	0	0	0	0	0	0	0	0	0	0	0	0	0	0	0
4005145	1	1557050	Triolo, Cody	http://stats.ncaa.org/player?game_sport_year_ctl_id=12380&stats_player_seq=1557050	true	""	0	0	0	2	0	0	0	1	1	0	0	0	0	0	0	0	0	0	0	0	0	0	0	0	0
4005145	1	1753636	Tsao, Kevin	http://stats.ncaa.org/player?game_sport_year_ctl_id=12380&stats_player_seq=1753636	true	""	0	0	0	0	0	0	0	0	0	0	0	0	0	0	0	0	0	0	0	0	0	0	0	0	0
4005145	1		TEAM		true	""	0	0	0	0	0	0	0	0	1	0	0	0	0	0	0	0	0	0	0	0	0	0	0	0	0
4005145	1		Totals		true	""	21	14	35	49	33	5	0	32	10	13	12	26	2	90	3	4	6	0	0	0	0	0	14	16	0
